{
   "productInf": [
      {
         "name": "IBM WebSphere Application Server",
         "id": "BASE",
         "version": "8.5.5.15",
         "buildDate": "1/28/19",
         "buildLevel": "cf151904.01"
      }
   ],
   "profiles": [
      {
         "name": "AppSrv01",
         "profilePath": "/opt/IBM/WebSphere/AppServer85515/profiles/AppSrv01",
         "cellName": "rhel9-baseNode01Cell",
         "servers": [
            {
               "name": "rhel9-baseNode01/tWAS_85515_server",
               "displayName": "",
               "serverType": "APPLICATION_SERVER"
            }
         ],
         "clusterNames": [
         ],
         "clusterInfo": [
         ],
         "applications": [
            "/opt/IBM/WebSphere/AppServer85515/profiles/AppSrv01/config/cells/rhel9-baseNode01Cell/applications/plantsbywebsphereee6.ear/plantsbywebsphereee6.ear"
         ],
         "appsInfo": [
            {
               "name": "plantsbywebsphereee6.ear",
               "path": "/opt/IBM/WebSphere/AppServer85515/profiles/AppSrv01/config/cells/rhel9-baseNode01Cell/applications/plantsbywebsphereee6.ear/plantsbywebsphereee6.ear",
               "hasSharedLibrary": false,
               "server": ""
            }
         ],
         "isStandalone": true,
         "webSphereVersion": "was855",
         "javaVersion": "ibm8",
         "appsFound": true,
         "sharedLibraries": [
         ],
         "serverClasspath": [
         ],
         "webSphereVariables": [
            {
               "name": "APP_INSTALL_ROOT",
               "scope": "/opt/IBM/WebSphere/AppServer85515/profiles/AppSrv01/config/cells/rhel9-baseNode01Cell/nodes/rhel9-baseNode01",
               "value": "/opt/IBM/WebSphere/AppServer85515/profiles/AppSrv01/installedApps"
            },
            {
               "name": "CONNECTJDBC_JDBC_DRIVER_PATH",
               "scope": "/opt/IBM/WebSphere/AppServer85515/profiles/AppSrv01/config/cells/rhel9-baseNode01Cell/nodes/rhel9-baseNode01",
               "value": ""
            },
            {
               "name": "CONNECTOR_INSTALL_ROOT",
               "scope": "/opt/IBM/WebSphere/AppServer85515/profiles/AppSrv01/config/cells/rhel9-baseNode01Cell/nodes/rhel9-baseNode01",
               "value": "/opt/IBM/WebSphere/AppServer85515/profiles/AppSrv01/installedConnectors"
            },
            {
               "name": "DB2390_JDBC_DRIVER_PATH",
               "scope": "/opt/IBM/WebSphere/AppServer85515/profiles/AppSrv01/config/cells/rhel9-baseNode01Cell/nodes/rhel9-baseNode01",
               "value": ""
            },
            {
               "name": "DB2UNIVERSAL_JDBC_DRIVER_NATIVEPATH",
               "scope": "/opt/IBM/WebSphere/AppServer85515/profiles/AppSrv01/config/cells/rhel9-baseNode01Cell/nodes/rhel9-baseNode01",
               "value": ""
            },
            {
               "name": "DB2UNIVERSAL_JDBC_DRIVER_PATH",
               "scope": "/opt/IBM/WebSphere/AppServer85515/profiles/AppSrv01/config/cells/rhel9-baseNode01Cell/nodes/rhel9-baseNode01",
               "value": ""
            },
            {
               "name": "DB2_JCC_DRIVER_NATIVEPATH",
               "scope": "/opt/IBM/WebSphere/AppServer85515/profiles/AppSrv01/config/cells/rhel9-baseNode01Cell/nodes/rhel9-baseNode01",
               "value": ""
            },
            {
               "name": "DB2_JCC_DRIVER_PATH",
               "scope": "/opt/IBM/WebSphere/AppServer85515/profiles/AppSrv01/config/cells/rhel9-baseNode01Cell/nodes/rhel9-baseNode01",
               "value": ""
            },
            {
               "name": "DB2_JDBC_DRIVER_PATH",
               "scope": "/opt/IBM/WebSphere/AppServer85515/profiles/AppSrv01/config/cells/rhel9-baseNode01Cell/nodes/rhel9-baseNode01",
               "value": ""
            },
            {
               "name": "DEPLOY_TOOL_ROOT",
               "scope": "/opt/IBM/WebSphere/AppServer85515/profiles/AppSrv01/config/cells/rhel9-baseNode01Cell/nodes/rhel9-baseNode01",
               "value": "/opt/IBM/WebSphere/AppServer85515/deploytool/itp"
            },
            {
               "name": "DERBY_JDBC_DRIVER_PATH",
               "scope": "/opt/IBM/WebSphere/AppServer85515/profiles/AppSrv01/config/cells/rhel9-baseNode01Cell",
               "value": "${WAS_INSTALL_ROOT}/derby/lib"
            },
            {
               "name": "DERBY_JDBC_DRIVER_PATH",
               "scope": "/opt/IBM/WebSphere/AppServer85515/profiles/AppSrv01/config/cells/rhel9-baseNode01Cell/nodes/rhel9-baseNode01",
               "value": "/opt/IBM/WebSphere/AppServer85515/derby/lib"
            },
            {
               "name": "DRIVER_PATH",
               "scope": "/opt/IBM/WebSphere/AppServer85515/profiles/AppSrv01/config/cells/rhel9-baseNode01Cell/nodes/rhel9-baseNode01",
               "value": "/opt/IBM/WebSphere/AppServer85515"
            },
            {
               "name": "GRID_ENDPOINT_DATASOURCE",
               "scope": "/opt/IBM/WebSphere/AppServer85515/profiles/AppSrv01/config/cells/rhel9-baseNode01Cell",
               "value": "jdbc/pgc"
            },
            {
               "name": "GRID_JOBLOG_ROOT",
               "scope": "/opt/IBM/WebSphere/AppServer85515/profiles/AppSrv01/config/cells/rhel9-baseNode01Cell",
               "value": "/opt/IBM/WebSphere/AppServer85515/profiles/AppSrv01"
            },
            {
               "name": "INFORMIX_JCC_DRIVER_PATH",
               "scope": "/opt/IBM/WebSphere/AppServer85515/profiles/AppSrv01/config/cells/rhel9-baseNode01Cell/nodes/rhel9-baseNode01",
               "value": ""
            },
            {
               "name": "INFORMIX_JDBC_DRIVER_PATH",
               "scope": "/opt/IBM/WebSphere/AppServer85515/profiles/AppSrv01/config/cells/rhel9-baseNode01Cell/nodes/rhel9-baseNode01",
               "value": ""
            },
            {
               "name": "JAVA_HOME",
               "scope": "/opt/IBM/WebSphere/AppServer85515/profiles/AppSrv01/config/cells/rhel9-baseNode01Cell/nodes/rhel9-baseNode01",
               "value": "/opt/IBM/WebSphere/AppServer85515/java"
            },
            {
               "name": "JVM_CACHE",
               "scope": "/opt/IBM/WebSphere/AppServer85515/profiles/AppSrv01/config/cells/rhel9-baseNode01Cell/nodes/rhel9-baseNode01",
               "value": ""
            },
            {
               "name": "LOCALHOST_NAME",
               "scope": "/opt/IBM/WebSphere/AppServer85515/profiles/AppSrv01/config/cells/rhel9-baseNode01Cell/nodes/rhel9-baseNode01",
               "value": "localhost"
            },
            {
               "name": "LOG_ROOT",
               "scope": "/opt/IBM/WebSphere/AppServer85515/profiles/AppSrv01/config/cells/rhel9-baseNode01Cell/nodes/rhel9-baseNode01",
               "value": "/opt/IBM/WebSphere/AppServer85515/profiles/AppSrv01/logs"
            },
            {
               "name": "MICROSOFT_JDBC_DRIVER_NATIVEPATH",
               "scope": "/opt/IBM/WebSphere/AppServer85515/profiles/AppSrv01/config/cells/rhel9-baseNode01Cell/nodes/rhel9-baseNode01",
               "value": ""
            },
            {
               "name": "MICROSOFT_JDBC_DRIVER_PATH",
               "scope": "/opt/IBM/WebSphere/AppServer85515/profiles/AppSrv01/config/cells/rhel9-baseNode01Cell/nodes/rhel9-baseNode01",
               "value": ""
            },
            {
               "name": "MQ_INSTALL_ROOT",
               "scope": "/opt/IBM/WebSphere/AppServer85515/profiles/AppSrv01/config/cells/rhel9-baseNode01Cell/nodes/rhel9-baseNode01",
               "value": "/opt/IBM/WebSphere/AppServer85515/lib/WMQ"
            },
            {
               "name": "ORACLE_JDBC_DRIVER_PATH",
               "scope": "/opt/IBM/WebSphere/AppServer85515/profiles/AppSrv01/config/cells/rhel9-baseNode01Cell/nodes/rhel9-baseNode01",
               "value": ""
            },
            {
               "name": "OS400_NATIVE_JDBC40_DRIVER_PATH",
               "scope": "/opt/IBM/WebSphere/AppServer85515/profiles/AppSrv01/config/cells/rhel9-baseNode01Cell/nodes/rhel9-baseNode01",
               "value": ""
            },
            {
               "name": "OS400_NATIVE_JDBC_DRIVER_PATH",
               "scope": "/opt/IBM/WebSphere/AppServer85515/profiles/AppSrv01/config/cells/rhel9-baseNode01Cell/nodes/rhel9-baseNode01",
               "value": ""
            },
            {
               "name": "OS400_TOOLBOX_JDBC_DRIVER_PATH",
               "scope": "/opt/IBM/WebSphere/AppServer85515/profiles/AppSrv01/config/cells/rhel9-baseNode01Cell/nodes/rhel9-baseNode01",
               "value": ""
            },
            {
               "name": "PUREQUERY_PATH",
               "scope": "/opt/IBM/WebSphere/AppServer85515/profiles/AppSrv01/config/cells/rhel9-baseNode01Cell/nodes/rhel9-baseNode01",
               "value": ""
            },
            {
               "name": "SERVER_LOG_ROOT",
               "scope": "/opt/IBM/WebSphere/AppServer85515/profiles/AppSrv01/config/cells/rhel9-baseNode01Cell/nodes/rhel9-baseNode01/servers/tWAS_85515_server",
               "value": "/opt/IBM/WebSphere/AppServer85515/profiles/AppSrv01/logs/tWAS_85515_server"
            },
            {
               "name": "SYBASE_JDBC_DRIVER_PATH",
               "scope": "/opt/IBM/WebSphere/AppServer85515/profiles/AppSrv01/config/cells/rhel9-baseNode01Cell/nodes/rhel9-baseNode01",
               "value": ""
            },
            {
               "name": "UNIVERSAL_JDBC_DRIVER_PATH",
               "scope": "/opt/IBM/WebSphere/AppServer85515/profiles/AppSrv01/config/cells/rhel9-baseNode01Cell/nodes/rhel9-baseNode01",
               "value": "/opt/IBM/WebSphere/AppServer85515/universalDriver/lib"
            },
            {
               "name": "USER_INSTALL_ROOT",
               "scope": "/opt/IBM/WebSphere/AppServer85515/profiles/AppSrv01/config/cells/rhel9-baseNode01Cell/nodes/rhel9-baseNode01",
               "value": "/opt/IBM/WebSphere/AppServer85515/profiles/AppSrv01"
            },
            {
               "name": "User-defined_JDBC_DRIVER_PATH",
               "scope": "/opt/IBM/WebSphere/AppServer85515/profiles/AppSrv01/config/cells/rhel9-baseNode01Cell/nodes/rhel9-baseNode01",
               "value": ""
            },
            {
               "name": "WAS_CELL_NAME",
               "scope": "/opt/IBM/WebSphere/AppServer85515/profiles/AppSrv01/config/cells/rhel9-baseNode01Cell",
               "value": "rhel9-baseNode01Cell"
            },
            {
               "name": "WAS_ETC_DIR",
               "scope": "/opt/IBM/WebSphere/AppServer85515/profiles/AppSrv01/config/cells/rhel9-baseNode01Cell/nodes/rhel9-baseNode01",
               "value": "/opt/IBM/WebSphere/AppServer85515/profiles/AppSrv01/etc"
            },
            {
               "name": "WAS_INSTALL_LIBRARY",
               "scope": "/opt/IBM/WebSphere/AppServer85515/profiles/AppSrv01/config/cells/rhel9-baseNode01Cell/nodes/rhel9-baseNode01",
               "value": "$(was.install.library)"
            },
            {
               "name": "WAS_INSTALL_ROOT",
               "scope": "/opt/IBM/WebSphere/AppServer85515/profiles/AppSrv01/config/cells/rhel9-baseNode01Cell/nodes/rhel9-baseNode01",
               "value": "/opt/IBM/WebSphere/AppServer85515"
            },
            {
               "name": "WAS_LIBS_DIR",
               "scope": "/opt/IBM/WebSphere/AppServer85515/profiles/AppSrv01/config/cells/rhel9-baseNode01Cell/nodes/rhel9-baseNode01",
               "value": "/opt/IBM/WebSphere/AppServer85515/lib"
            },
            {
               "name": "WAS_PROPS_DIR",
               "scope": "/opt/IBM/WebSphere/AppServer85515/profiles/AppSrv01/config/cells/rhel9-baseNode01Cell/nodes/rhel9-baseNode01",
               "value": "/opt/IBM/WebSphere/AppServer85515/profiles/AppSrv01/properties"
            },
            {
               "name": "WAS_SERVER_NAME",
               "scope": "/opt/IBM/WebSphere/AppServer85515/profiles/AppSrv01/config/cells/rhel9-baseNode01Cell/nodes/rhel9-baseNode01/servers/tWAS_85515_server",
               "value": "tWAS_85515_server"
            },
            {
               "name": "WAS_TEMP_DIR",
               "scope": "/opt/IBM/WebSphere/AppServer85515/profiles/AppSrv01/config/cells/rhel9-baseNode01Cell/nodes/rhel9-baseNode01",
               "value": "/opt/IBM/WebSphere/AppServer85515/profiles/AppSrv01/temp"
            }
         ],
         "appArray": [
         ],
         "archive": {
            "domain": "javaAppServer",
            "archiveName": "AppSrv01",
            "archiveType": "profile",
            "assessmentUnits": [
               "plantsbywebsphereee6.ear"
            ],
            "dcVersion": "",
            "binaryScannerVersion": "23.0.0.5",
            "middleware": "was",
            "host": "server0.gym.lan"
         },
         "ignoreMissingSharedLibrary": false,
         "ignoreMissingBinary": false,
         "scanBinaryLocation": false,
         "hasConfig": true,
         "locale": "en",
         "assessUnitNames": [
            "plantsbywebsphereee6.ear"
         ]
      }
   ],
   "appsToScan_user": [
   ],
   "appsToSkip_user": [
   ],
   "scanNodeFlag": false,
   "ignoreMissingSharedLibrary": false,
   "ignoreMissingBinary": false,
   "scanBinaryLocation": false,
   "locale": "en"
}