{
   "report": "inventory",
   "version": "4.0",
   "productVersion": "23.0.0.5",
   "productRelease": "23.0.0.5",
   "buildID": "v20240107_2333",
   "options": [
      "--includeHelpLocation",
      "--maxUserDefinedRuleResults=100",
      "--userRuleLocation=/home/techzone/Downloads/transformationadvisor-Linux_setup/transformationadvisor-3.8.1/bin/../conf/userDefinedRules",
      "--excludePackages=ch.qos,com.cloudant,com.cognos,com.fasterxml,com.filenet,com.ibatis,com.ibm,com.informix,com.lowagie,com.mchange,com.meterware,com.microsoft,com.mongodb,com.mysql,com.sun,com.sybase,filenet,freemarker,groovy,jakarta,java,javax,net,oracle,org,sqlj,sun,twitter4j,_ibmjsp"
   ],
   "applications": [
      "/opt/IBM/WebSphere/AppServer85515/profiles/AppSrv01/config/cells/rhel9-baseNode01Cell/applications/plantsbywebsphereee6.ear/plantsbywebsphereee6.ear"
   ],
   "sharedLibraries": [
   ],
   "archives": {
      "ears": 1,
      "wars": 1,
      "rars": 0,
      "ejbs": 0,
      "webFragments": 0,
      "utilityJars": 1,
      "appClients": 0
   },
   "summary": {
      "servlets": 4,
      "jsps": 3,
      "jpaEntities": 6,
      "bmpEntityBeans": 0,
      "cmpEntityBeans": 0,
      "messageDrivenBeans": 0,
      "singletonSessionBeans": 0,
      "statefulSessionBeans": 1,
      "statelessSessionBeans": 6,
      "jaxrpcConsumers": 0,
      "jaxrpcProviders": 0,
      "jaxrsConsumers": 0,
      "jaxrsProviders": 0,
      "jaxwsConsumers": 0,
      "jaxwsProviders": 0,
      "springBeans": 0
   },
   "archiveInventory": [
      {
         "archiveName": "/opt/IBM/WebSphere/AppServer85515/profiles/AppSrv01/config/cells/rhel9-baseNode01Cell/applications/plantsbywebsphereee6.ear/plantsbywebsphereee6.ear",
         "moduleType": "Enterprise archive",
         "moduleVersion": null,
         "metadataComplete": null,
         "moduleSize": 3157961,
         "checksum": "9769efbcdf58853b9e23c720ab876a76481ce0ff39ed3ca40a5c534c69d050db",
         "archives": {
            "wars": 1,
            "rars": 0,
            "ejbs": 0,
            "utilityJars": 1,
            "appClients": 0
         },
         "summary": {
            "servlets": 4,
            "jsps": 3,
            "jpaEntities": 6,
            "bmpEntityBeans": 0,
            "cmpEntityBeans": 0,
            "messageDrivenBeans": 0,
            "singletonSessionBeans": 0,
            "statefulSessionBeans": 1,
            "statelessSessionBeans": 6,
            "jaxrpcConsumers": 0,
            "jaxrpcProviders": 0,
            "jaxrsConsumers": 0,
            "jaxrsProviders": 0,
            "jaxwsConsumers": 0,
            "jaxwsProviders": 0,
            "springBeans": 0
         },
         "potentialDeploymentProblemsSummary": {
            "archivesContainingDuplicateClasses": 0,
            "archivesContainingJavaEEorSEClasses": 0,
            "archivesContainingConflictingOpenSourceSoftwareClasses": 0,
            "archivesContainingWebSphereClasses": 0,
            "archivesNotReferencedInTheApplication": 0,
            "archivesWithMissingDependenciesInTheApplication": 0,
            "classesWithSystemLevelJVMConfiguration": 0,
            "sharedLibrariesReferencingApplicationClasses": 0
         },
         "potentialDeploymentProblemsDetails": [
            {
               "duplicateClassesWithinClassLoader": [
               ]
            },
            {
               "duplicateClassesAcrossApplication": [
               ]
            },
            {
               "javaEEandSEClasses": [
               ]
            },
            {
               "duplicateWebSphereClasses": [
               ]
            },
            {
               "openSourceSoftwareClasses": [
               ]
            },
            {
               "archivesNotReferenced": [
               ]
            },
            {
               "missingDependencies": [
               ]
            },
            {
               "classesWithSystemLevelJVMConfiguration": [
               ]
            },
            {
               "sharedLibraryDependencies": [
               ]
            }
         ],
         "performanceConsiderations": {
            "archivesThatAreCandidatesForMetadataCompleteTrueAttribute": [
            ],
            "webModulesWithExcessiveClassFiles": [
            ],
            "webModulesWithExcessiveStaticResources": [
            ]
         },
         "operationalConsiderations": {
            "deploymentTargets": {
               "clusters": [
               ],
               "nonClusteredServers": [
                  {
                     "name": "tWAS_85515_server",
                     "node": "rhel9-baseNode01",
                     "type": "APPLICATION_SERVER"
                  }
               ]
            }
         },
         "containedArchiveInventory": [
            {
               "archiveName": "/opt/IBM/WebSphere/AppServer85515/profiles/AppSrv01/config/cells/rhel9-baseNode01Cell/applications/plantsbywebsphereee6.ear/plantsbywebsphereee6.ear/PlantsByWebSphere.war",
               "moduleType": "Web module",
               "moduleVersion": "3.0",
               "metadataComplete": "Unspecified",
               "checksum": "4e6667f999543320820533c6e99f612cb8780905940520d3919622647fd75a72",
               "archives": {
                  "ejbs": 0,
                  "webFragments": 0,
                  "utilityJars": 0
               },
               "summary": {
                  "servlets": 4,
                  "jsps": 3,
                  "jpaEntities": 6,
                  "bmpEntityBeans": 0,
                  "cmpEntityBeans": 0,
                  "messageDrivenBeans": 0,
                  "singletonSessionBeans": 0,
                  "statefulSessionBeans": 1,
                  "statelessSessionBeans": 6,
                  "jaxrpcConsumers": 0,
                  "jaxrpcProviders": 0,
                  "jaxrsConsumers": 0,
                  "jaxrsProviders": 0,
                  "jaxwsConsumers": 0,
                  "jaxwsProviders": 0,
                  "springBeans": 0
               }
            },
            {
               "archiveName": "/opt/IBM/WebSphere/AppServer85515/profiles/AppSrv01/config/cells/rhel9-baseNode01Cell/applications/plantsbywebsphereee6.ear/plantsbywebsphereee6.ear/lib/pbw-lib.jar",
               "moduleType": "Utility JAR",
               "checksum": "612f061b7d21917f4ced3238ae4782c236693f33e3e05fbf62728e3495742b4b",
               "containedPackages": [
                  "com.ibm.websphere"
               ]
            }
         ]
      }
   ],
   "sharedLibraryDetails": [
   ]
}