<?xml version="1.0" encoding="UTF-8"?>
<server description="Configuration generated by binaryAppScanner">
    <featureManager>
        <!--The following features are available in all editions of Liberty.-->
        <feature>appSecurity-2.0</feature>
        <feature>jpa-2.0</feature>
        <feature>ldapRegistry-3.0</feature>
        <feature>servlet-3.0</feature>
    </featureManager>

    <!-- This configuration was migrated on 2/8/24 at 5:38:38 PM from the following location: /opt/IBM/WebSphere/AppServer/profiles/AppSrv01 -->
    <!-- The binary scanner does not support the migration of all WebSphere traditional configuration elements. Check the binary scanner documentation for the list of supported configuration elements. -->
    <applicationManager autoExpand="true"/>

    <httpEndpoint host="${httpEndpoint_host}" httpPort="${httpEndpoint_port}" httpsPort="${httpEndpoint_secure_port}" id="defaultHttpEndpoint"/>

    <!-- Some or all of the bindings that are migrated for this application might exist in the application archive. If so, the duplicate bindings can be removed from this server.xml file. Any binding configuration that is specified in this server.xml file takes precedence over the corresponding binding configuration in the application archive. -->
    <enterpriseApplication id="CustomerOrderServicesApp.ear" location="CustomerOrderServicesApp.ear">
        <web-ext context-root="CustomerOrderServicesWeb" id="CustomerOrderServicesApp.ear_web-ext_CustomerOrderServicesWeb-0.1.0-SNAPSHOT" moduleName="CustomerOrderServicesWeb-0.1.0-SNAPSHOT"/>
        <web-ext context-root="CustomerOrderServicesTest" id="CustomerOrderServicesApp.ear_web-ext_CustomerOrderServicesTest-0.1.0-SNAPSHOT" moduleName="CustomerOrderServicesTest-0.1.0-SNAPSHOT"/>
        <application-bnd>
            <security-role name="SecureShopper">
                <group name="SecureShopper"/>
                <run-as/>
            </security-role>
        </application-bnd>
    </enterpriseApplication>

    <authData id="db2inst1" password="${db2inst1_password}" user="${db2inst1_user}"/>

    <jdbcDriver id="DB2_Universal_JDBC_Driver_Provider_(XA)_WASNode01_JDBCProvider_1629392233217">
        <library>
            <file name="/home/ibmuser/Instructor/shared/db2jcc.jar"/>
            <file name="/home/ibmuser/Instructor/shared/db2jcc_license_cu.jar"/>
        </library>
    </jdbcDriver>

    <dataSource beginTranForResultSetScrollingAPIs="false" beginTranForVendorAPIs="false" containerAuthDataRef="db2inst1" id="COS-ORDERDB-DS_WASNode01_DataSource_1629393997347" jdbcDriverRef="DB2_Universal_JDBC_Driver_Provider_(XA)_WASNode01_JDBCProvider_1629392233217" jndiName="jdbc/orderds" recoveryAuthDataRef="db2inst1" type="javax.sql.XADataSource">
        <properties.db2.jcc databaseName="${COS_ORDERDB_DS_WASNode01_DataSource_1629393997347_databaseName}" driverType="4" portNumber="${COS_ORDERDB_DS_WASNode01_DataSource_1629393997347_portNumber}" serverName="${COS_ORDERDB_DS_WASNode01_DataSource_1629393997347_serverName}"/>
        <connectionManager connectionTimeout="180" enableContainerAuthForDirectLookups="true" maxPoolSize="10"/>
        <heritageSettings helperClass="com.ibm.websphere.rsadapter.DB2UniversalDataStoreHelper" replaceExceptions="true"/>
    </dataSource>

    <transaction propogatedOrBMTTranLifetimeTimeout="300"/>

    <keyStore id="NodeDefaultKeyStore_adminNode01Cell_KeyStore_WASNode01_1" location="${NodeDefaultKeyStore_adminNode01Cell_KeyStore_WASNode01_1_location}" password="${NodeDefaultKeyStore_adminNode01Cell_KeyStore_WASNode01_1_password}"/>

    <keyStore id="NodeDefaultTrustStore_adminNode01Cell_KeyStore_WASNode01_2" location="${NodeDefaultTrustStore_adminNode01Cell_KeyStore_WASNode01_2_location}" password="${NodeDefaultTrustStore_adminNode01Cell_KeyStore_WASNode01_2_password}"/>

    <ssl id="NodeDefaultSSLSettings_adminNode01Cell_SSLConfig_WASNode01_1" keyStoreRef="NodeDefaultKeyStore_adminNode01Cell_KeyStore_WASNode01_1" sslProtocol="${NodeDefaultSSLSettings_adminNode01Cell_SSLConfig_WASNode01_1_sslProtocol}" trustStoreRef="NodeDefaultTrustStore_adminNode01Cell_KeyStore_WASNode01_2"/>

    <sslDefault sslRef="NodeDefaultSSLSettings_adminNode01Cell_SSLConfig_WASNode01_1"/>

    <!-- The following variables, which often differ between environments, have been extracted from the migrated configuration to allow for easy substitution. -->
    <variable name="COS_ORDERDB_DS_WASNode01_DataSource_1629393997347_databaseName" defaultValue="ORDERDB"/>
    <variable name="COS_ORDERDB_DS_WASNode01_DataSource_1629393997347_portNumber" defaultValue="50000"/>
    <variable name="COS_ORDERDB_DS_WASNode01_DataSource_1629393997347_serverName" defaultValue="localhost"/>
    <variable name="httpEndpoint_host" defaultValue="*"/>
    <variable name="httpEndpoint_port" defaultValue="9080"/>
    <variable name="httpEndpoint_secure_port" defaultValue="9443"/>
    <variable name="NodeDefaultKeyStore_adminNode01Cell_KeyStore_WASNode01_1_location" defaultValue="CustomerOrderServicesApp_ear_WASNode01_NodeDefaultKeyStore_key.p12"/>
    <variable name="NodeDefaultSSLSettings_adminNode01Cell_SSLConfig_WASNode01_1_sslProtocol" defaultValue="TLS"/>
    <variable name="NodeDefaultTrustStore_adminNode01Cell_KeyStore_WASNode01_2_location" defaultValue="CustomerOrderServicesApp_ear_WASNode01_NodeDefaultTrustStore_trust.p12"/>

    <!-- The following variables are used to replace sensitive data in the server.xml file for the application.
         The values for these variables were not collected because the includeSensitiveData option was not specified.
    -->
    <variable name="db2inst1_password" defaultValue=""/>
    <variable name="db2inst1_user" defaultValue=""/>
    <variable name="NodeDefaultKeyStore_adminNode01Cell_KeyStore_WASNode01_1_password" defaultValue=""/>
    <variable name="NodeDefaultTrustStore_adminNode01Cell_KeyStore_WASNode01_2_password" defaultValue=""/>
</server>
