{
   "report": "analysis",
   "version": "1.4",
   "productVersion": "23.0.0.5",
   "productRelease": "23.0.0.5",
   "buildID": "v20240107_2333",
   "options": [
      "--sourceAppServer=was855",
      "--sourceJava=ibm8",
      "--sourceJavaEE=ee6",
      "--targetAppServer=openLiberty",
      "--targetJava=ibm8",
      "--targetJavaEE=ee7",
      "--targetCloud=containers",
      "--includeHelpLocation",
      "--maxUserDefinedRuleResults=100",
      "--userRuleLocation=/home/ibmuser/Downloads/TA-DC/transformationadvisor-3.8.1/bin/../conf/userDefinedRules",
      "--excludePackages=ch.qos,com.cloudant,com.cognos,com.fasterxml,com.filenet,com.ibatis,com.ibm,com.informix,com.lowagie,com.mchange,com.meterware,com.microsoft,com.mongodb,com.mysql,com.sun,com.sybase,filenet,freemarker,groovy,jakarta,java,javax,net,oracle,org,sqlj,sun,twitter4j,_ibmjsp"
   ],
   "totalRulesFlagged": 7,
   "filesAffected": 8,
   "totalResults": 12,
   "severitySummary": [
      {
         "severity": "Critical",
         "severityId": "severe",
         "totalRulesFlagged": 1,
         "totalResults": 3,
         "totalRulesFlaggedWithAutomatedFix": 0,
         "totalResultsWithAutomatedFix": 0
      },
      {
         "severity": "Warning",
         "severityId": "warning",
         "totalRulesFlagged": 2,
         "totalResults": 2,
         "totalRulesFlaggedWithAutomatedFix": 1,
         "totalResultsWithAutomatedFix": 1
      },
      {
         "severity": "Information",
         "severityId": "info",
         "totalRulesFlagged": 4,
         "totalResults": 7,
         "totalRulesFlaggedWithAutomatedFix": 0,
         "totalResultsWithAutomatedFix": 0
      }
   ],
   "applications": [
      "/opt/IBM/WebSphere/AppServer/profiles/AppSrv01/config/cells/adminNode01Cell/applications/CustomerOrderServicesApp.ear/CustomerOrderServicesApp.ear"
   ],
   "rules": [
      {
         "ruleName": "Behavior change on lookups for Enterprise JavaBeans in previous versions of Liberty",
         "ruleId": "EJBNamingLookupRule",
         "ruleHelpLocation": "/ruleinfo/appconversion/was2liberty/EJBNamingLookupRule.html",
         "devCost": "0",
         "instanceCost": "0",
         "severity": "Information",
         "severityId": "info",
         "recipe": null,
         "alternativeRecipes": [
         ],
         "category": "WebSphere traditional to Liberty",
         "categoryId": "appconversion.was2liberty.category",
         "totalResults": 1,
         "results": [
            {
               "fileName": "CustomerOrderServicesApp.ear/CustomerOrderServicesTest-0.1.0-SNAPSHOT.war/WEB-INF/ibm-web-bnd.xml",
               "details": [
                  {
                     "reference": null,
                     "match": "ejb-ref.binding-name=ejblocal:org.pwte.example.service.ProductSearchService",
                     "lineNumber": 5
                  }
               ]
            }
         ]
      },
      {
         "ruleName": "CDI scans for implicit beans when there is no beans.xml file",
         "ruleId": "MissingBeansFile",
         "ruleHelpLocation": "/ruleinfo/appconversion/javaee7/cdi/MissingBeansXmlRule.html",
         "devCost": "0",
         "instanceCost": "0",
         "severity": "Information",
         "severityId": "info",
         "recipe": null,
         "alternativeRecipes": [
         ],
         "category": "Java EE 7 / CDI",
         "categoryId": "appconversion.javaee7.category / appconversion.javaee7.cdi.category",
         "totalResults": 3,
         "results": [
            {
               "fileName": "CustomerOrderServicesApp.ear/CustomerOrderServices-0.1.0-SNAPSHOT.jar",
               "details": [
                  {
                     "reference": null,
                     "match": ".*(\\.war|\\.jar)",
                     "lineNumber": 0
                  }
               ]
            },
            {
               "fileName": "CustomerOrderServicesApp.ear/CustomerOrderServicesTest-0.1.0-SNAPSHOT.war",
               "details": [
                  {
                     "reference": null,
                     "match": ".*(\\.war|\\.jar)",
                     "lineNumber": 0
                  }
               ]
            },
            {
               "fileName": "CustomerOrderServicesApp.ear/CustomerOrderServicesWeb-0.1.0-SNAPSHOT.war",
               "details": [
                  {
                     "reference": null,
                     "match": ".*(\\.war|\\.jar)",
                     "lineNumber": 0
                  }
               ]
            }
         ]
      },
      {
         "ruleName": "Databases",
         "ruleId": "DatabasesRule",
         "ruleHelpLocation": "/ruleinfo/appmigration/cloud/Databases.html",
         "devCost": "0",
         "instanceCost": "0",
         "severity": "Information",
         "severityId": "info",
         "recipe": null,
         "alternativeRecipes": [
         ],
         "category": "Technology connectivity considerations for IBM Cloud",
         "categoryId": "appconversion.cloud.category.technology.connectivity",
         "totalResults": 1,
         "results": [
            {
               "fileName": "CustomerOrderServicesApp.ear/CustomerOrderServices-0.1.0-SNAPSHOT.jar/META-INF/persistence.xml",
               "details": [
                  {
                     "reference": null,
                     "match": "jta-data-source=jdbc/orderds",
                     "lineNumber": 5
                  }
               ]
            }
         ]
      },
      {
         "ruleName": "Disable the persistence unit second-level cache",
         "ruleId": "JpaCacheProperties",
         "ruleHelpLocation": "/ruleinfo/appconversion/javaee7/jpa/JpaCacheBehavior.html",
         "devCost": "0.25",
         "instanceCost": "0.1",
         "severity": "Warning",
         "severityId": "warning",
         "recipe": "org.openrewrite.java.migrate.JpaCacheProperties",
         "alternativeRecipes": [
         ],
         "category": "Java EE 7 / OpenJPA to EclipseLink JPA",
         "categoryId": "appconversion.javaee7.category / appconversion.javaee7.jpa.category",
         "totalResults": 1,
         "results": [
            {
               "fileName": "CustomerOrderServicesApp.ear/CustomerOrderServices-0.1.0-SNAPSHOT.jar/META-INF/persistence.xml",
               "details": [
                  {
                     "reference": null,
                     "match": "persistence-unit",
                     "lineNumber": 3
                  }
               ]
            }
         ]
      },
      {
         "ruleName": "Java EE security",
         "ruleId": "ApplicationSecurityRule",
         "ruleHelpLocation": "/ruleinfo/appmigration/cloud/ApplicationSecurity.html",
         "devCost": "0",
         "instanceCost": "0",
         "severity": "Information",
         "severityId": "info",
         "recipe": null,
         "alternativeRecipes": [
         ],
         "category": "Technology connectivity considerations for IBM Cloud",
         "categoryId": "appconversion.cloud.category.technology.connectivity",
         "totalResults": 2,
         "results": [
            {
               "fileName": "CustomerOrderServicesApp.ear/CustomerOrderServicesTest-0.1.0-SNAPSHOT.war/WEB-INF/web.xml",
               "details": [
                  {
                     "reference": null,
                     "match": "security-constraint",
                     "lineNumber": 21
                  }
               ]
            },
            {
               "fileName": "CustomerOrderServicesApp.ear/CustomerOrderServicesWeb-0.1.0-SNAPSHOT.war/WEB-INF/web.xml",
               "details": [
                  {
                     "reference": null,
                     "match": "security-constraint",
                     "lineNumber": 27
                  }
               ]
            }
         ]
      },
      {
         "ruleName": "Mapping files are not processed during OpenJPA to EclipseLink migration",
         "ruleId": "JpaOrmXml",
         "ruleHelpLocation": "/ruleinfo/appconversion/javaee7/jpa/OrmXml.html",
         "devCost": "1",
         "instanceCost": "0.1",
         "severity": "Warning",
         "severityId": "warning",
         "recipe": null,
         "alternativeRecipes": [
         ],
         "category": "Java EE 7 / OpenJPA to EclipseLink JPA",
         "categoryId": "appconversion.javaee7.category / appconversion.javaee7.jpa.category",
         "totalResults": 1,
         "results": [
            {
               "fileName": "CustomerOrderServicesApp.ear/CustomerOrderServices-0.1.0-SNAPSHOT.jar/META-INF/orm.xml",
               "details": [
                  {
                     "reference": null,
                     "match": "entity-mappings",
                     "lineNumber": 2
                  }
               ]
            }
         ]
      },
      {
         "ruleName": "OpenJPA and WebSphere JPA configuration properties must be migrated",
         "ruleId": "OpenJPAConfigurationProperties",
         "ruleHelpLocation": "/ruleinfo/appconversion/javaee7/jpa/OpenJpaConfigurationProperties.html",
         "devCost": "2",
         "instanceCost": "0.1",
         "severity": "Critical",
         "severityId": "severe",
         "recipe": null,
         "alternativeRecipes": [
         ],
         "category": "Java EE 7 / OpenJPA to EclipseLink JPA",
         "categoryId": "appconversion.javaee7.category / appconversion.javaee7.jpa.category",
         "totalResults": 3,
         "results": [
            {
               "fileName": "CustomerOrderServicesApp.ear/CustomerOrderServices-0.1.0-SNAPSHOT.jar/META-INF/persistence.xml",
               "details": [
                  {
                     "reference": null,
                     "match": "property.name=openjpa.MaxFetchDepth",
                     "lineNumber": 16
                  },
                  {
                     "reference": null,
                     "match": "property.name=openjpa.jdbc.DBDictionary",
                     "lineNumber": 19
                  },
                  {
                     "reference": null,
                     "match": "property.name=openjpa.jdbc.MappingDefaults",
                     "lineNumber": 17
                  }
               ]
            }
         ]
      }
   ]
}