{
   "domain": "javaAppServer",
   "middleware": "was",
   "host": "admin.ibm.demo",
   "assessmentUnitName": "CustomerOrderServicesApp.ear",
   "applicationName": "CustomerOrderServicesApp.ear",
   "checksum": "2416052655b550ef84268ea2f617d5aff5d5ddb9f9e69dd35800d4e01800f07f",
   "dcVersion": "",
   "binaryScannerVersion": "23.0.0.5",
   "collectionUnitType": "profile",
   "collectionUnitName": "AppSrv01",
   "isVirtual": "false",
   "rawDependencies": [
      {
         "domain": "database",
         "middleware": "db2",
         "assessmentUnitName": "${COS_ORDERDB_DS_WASNode01_DataSource_1629393997347_databaseName}",
         "applicationName": "${COS_ORDERDB_DS_WASNode01_DataSource_1629393997347_databaseName}",
         "collectionUnitType": "instance",
         "isVirtual": "false",
         "identifier": {
            "databaseName": "${COS_ORDERDB_DS_WASNode01_DataSource_1629393997347_databaseName}"
         }
      }
   ],
   "serverXml": {
      "server": {
         "applicationManager": {
            "autoExpand": "true"
         },
         "authData": {
            "id": "db2inst1",
            "password": "${db2inst1_password}",
            "user": "${db2inst1_user}"
         },
         "dataSource": {
            "beginTranForResultSetScrollingAPIs": "false",
            "beginTranForVendorAPIs": "false",
            "connectionManager": {
               "connectionTimeout": "180",
               "enableContainerAuthForDirectLookups": "true",
               "maxPoolSize": "10"
            },
            "containerAuthDataRef": "db2inst1",
            "heritageSettings": {
               "helperClass": "com.ibm.websphere.rsadapter.DB2UniversalDataStoreHelper",
               "replaceExceptions": "true"
            },
            "id": "COS-ORDERDB-DS_WASNode01_DataSource_1629393997347",
            "jdbcDriverRef": "DB2_Universal_JDBC_Driver_Provider_(XA)_WASNode01_JDBCProvider_1629392233217",
            "jndiName": "jdbc/orderds",
            "properties.db2.jcc": {
               "databaseName": "${COS_ORDERDB_DS_WASNode01_DataSource_1629393997347_databaseName}",
               "driverType": "4",
               "portNumber": "${COS_ORDERDB_DS_WASNode01_DataSource_1629393997347_portNumber}",
               "serverName": "${COS_ORDERDB_DS_WASNode01_DataSource_1629393997347_serverName}"
            },
            "recoveryAuthDataRef": "db2inst1",
            "type": "javax.sql.XADataSource"
         },
         "description": "Configuration generated by binaryAppScanner",
         "enterpriseApplication": {
            "application-bnd": {
               "security-role": {
                  "group": {
                     "name": "SecureShopper"
                  },
                  "name": "SecureShopper",
                  "run-as": ""
               }
            },
            "id": "CustomerOrderServicesApp.ear",
            "location": "CustomerOrderServicesApp.ear",
            "web-ext": [
               {
                  "context-root": "CustomerOrderServicesWeb",
                  "id": "CustomerOrderServicesApp.ear_web-ext_CustomerOrderServicesWeb-0.1.0-SNAPSHOT",
                  "moduleName": "CustomerOrderServicesWeb-0.1.0-SNAPSHOT"
               },
               {
                  "context-root": "CustomerOrderServicesTest",
                  "id": "CustomerOrderServicesApp.ear_web-ext_CustomerOrderServicesTest-0.1.0-SNAPSHOT",
                  "moduleName": "CustomerOrderServicesTest-0.1.0-SNAPSHOT"
               }
            ]
         },
         "featureManager": {
            "feature": [
               "appSecurity-2.0",
               "jpa-2.1",
               "ldapRegistry-3.0",
               "servlet-3.1"
            ]
         },
         "httpEndpoint": {
            "host": "${httpEndpoint_host}",
            "httpPort": "${httpEndpoint_port}",
            "httpsPort": "${httpEndpoint_secure_port}",
            "id": "defaultHttpEndpoint"
         },
         "jdbcDriver": {
            "id": "DB2_Universal_JDBC_Driver_Provider_(XA)_WASNode01_JDBCProvider_1629392233217",
            "library": {
               "file": [
                  {
                     "name": "/home/ibmuser/Instructor/shared/db2jcc.jar"
                  },
                  {
                     "name": "/home/ibmuser/Instructor/shared/db2jcc_license_cu.jar"
                  }
               ]
            }
         },
         "keyStore": [
            {
               "id": "NodeDefaultKeyStore_adminNode01Cell_KeyStore_WASNode01_1",
               "location": "${NodeDefaultKeyStore_adminNode01Cell_KeyStore_WASNode01_1_location}",
               "password": "${NodeDefaultKeyStore_adminNode01Cell_KeyStore_WASNode01_1_password}"
            },
            {
               "id": "NodeDefaultTrustStore_adminNode01Cell_KeyStore_WASNode01_2",
               "location": "${NodeDefaultTrustStore_adminNode01Cell_KeyStore_WASNode01_2_location}",
               "password": "${NodeDefaultTrustStore_adminNode01Cell_KeyStore_WASNode01_2_password}"
            }
         ],
         "ssl": {
            "id": "NodeDefaultSSLSettings_adminNode01Cell_SSLConfig_WASNode01_1",
            "keyStoreRef": "NodeDefaultKeyStore_adminNode01Cell_KeyStore_WASNode01_1",
            "sslProtocol": "${NodeDefaultSSLSettings_adminNode01Cell_SSLConfig_WASNode01_1_sslProtocol}",
            "trustStoreRef": "NodeDefaultTrustStore_adminNode01Cell_KeyStore_WASNode01_2"
         },
         "sslDefault": {
            "sslRef": "NodeDefaultSSLSettings_adminNode01Cell_SSLConfig_WASNode01_1"
         },
         "transaction": {
            "propogatedOrBMTTranLifetimeTimeout": "300"
         },
         "variable": [
            {
               "defaultValue": "ORDERDB",
               "name": "COS_ORDERDB_DS_WASNode01_DataSource_1629393997347_databaseName"
            },
            {
               "defaultValue": "50000",
               "name": "COS_ORDERDB_DS_WASNode01_DataSource_1629393997347_portNumber"
            },
            {
               "defaultValue": "localhost",
               "name": "COS_ORDERDB_DS_WASNode01_DataSource_1629393997347_serverName"
            },
            {
               "defaultValue": "*",
               "name": "httpEndpoint_host"
            },
            {
               "defaultValue": "9080",
               "name": "httpEndpoint_port"
            },
            {
               "defaultValue": "9443",
               "name": "httpEndpoint_secure_port"
            },
            {
               "defaultValue": "CustomerOrderServicesApp_ear_WASNode01_NodeDefaultKeyStore_key.p12",
               "name": "NodeDefaultKeyStore_adminNode01Cell_KeyStore_WASNode01_1_location"
            },
            {
               "defaultValue": "TLS",
               "name": "NodeDefaultSSLSettings_adminNode01Cell_SSLConfig_WASNode01_1_sslProtocol"
            },
            {
               "defaultValue": "CustomerOrderServicesApp_ear_WASNode01_NodeDefaultTrustStore_trust.p12",
               "name": "NodeDefaultTrustStore_adminNode01Cell_KeyStore_WASNode01_2_location"
            },
            {
               "defaultValue": "",
               "name": "db2inst1_password"
            },
            {
               "defaultValue": "",
               "name": "db2inst1_user"
            },
            {
               "defaultValue": "",
               "name": "NodeDefaultKeyStore_adminNode01Cell_KeyStore_WASNode01_1_password"
            },
            {
               "defaultValue": "",
               "name": "NodeDefaultTrustStore_adminNode01Cell_KeyStore_WASNode01_2_password"
            }
         ]
      }
   }
}