<?xml version="1.0" encoding="UTF-8"?>
<server description="Configuration generated by binaryAppScanner">
    <featureManager>
        <!--The following features are available in all editions of Liberty.-->
        <feature>appSecurity-2.0</feature>
        <feature>ejbLite-3.1</feature>
        <feature>jdbc-4.0</feature>
        <feature>jsp-2.2</feature>
        <feature>ldapRegistry-3.0</feature>
        <feature>servlet-3.0</feature>
    </featureManager>

    <!-- This configuration was migrated on 2/8/24 at 5:38:42 PM from the following location: /opt/IBM/WebSphere/AppServer/profiles/AppSrv01 -->
    <!-- The binary scanner does not support the migration of all WebSphere traditional configuration elements. Check the binary scanner documentation for the list of supported configuration elements. -->
    <!-- The following WebSphere traditional variables are used by the configuration but were not migrated: [CELL, WAS_INSTALL_ROOT, APP_INSTALL_ROOT]. Remove these variables from the configuration or provide each one with an appropriate definition. -->
    <applicationManager autoExpand="true"/>

    <httpEndpoint host="${httpEndpoint_host_1}" httpPort="${httpEndpoint_port_1}" httpsPort="${httpEndpoint_secure_port_1}" id="defaultHttpEndpoint"/>

    <!-- Some or all of the bindings that are migrated for this application might exist in the application archive. If so, the duplicate bindings can be removed from this server.xml file. Any binding configuration that is specified in this server.xml file takes precedence over the corresponding binding configuration in the application archive. -->
    <enterpriseApplication id="DefaultApplication.ear" location="DefaultApplication.ear">
        <web-ext context-root="/" id="DefaultApplication.ear_web-ext_DefaultWebApplication" moduleName="DefaultWebApplication"/>
        <application-bnd>
            <security-role name="All Role">
                <special-subject type="ALL_AUTHENTICATED_USERS"/>
            </security-role>
        </application-bnd>
    </enterpriseApplication>

    <jdbcDriver id="Derby_JDBC_Provider_WASNode01_server1_JDBCProvider_1183122153343">
        <library>
            <file name="${DERBY_JDBC_DRIVER_PATH}/derby.jar"/>
        </library>
    </jdbcDriver>

    <dataSource id="Default Datasource_WASNode01_server1_DataSource_1183122153625" jdbcDriverRef="Derby_JDBC_Provider_WASNode01_server1_JDBCProvider_1183122153343" jndiName="DefaultDatasource" type="javax.sql.ConnectionPoolDataSource">
        <properties.derby.embedded connectionAttributes="upgrade=true" databaseName="${Default_Datasource_WASNode01_server1_DataSource_1183122153625_databaseName}"/>
        <connectionManager connectionTimeout="180" maxPoolSize="10" minPoolSize="1"/>
        <heritageSettings helperClass="com.ibm.websphere.rsadapter.DerbyDataStoreHelper"/>
    </dataSource>

    <transaction propogatedOrBMTTranLifetimeTimeout="300"/>

    <keyStore id="NodeDefaultKeyStore_adminNode01Cell_KeyStore_WASNode01_1" location="${NodeDefaultKeyStore_adminNode01Cell_KeyStore_WASNode01_1_location}" password="${NodeDefaultKeyStore_adminNode01Cell_KeyStore_WASNode01_1_password}"/>

    <keyStore id="NodeDefaultTrustStore_adminNode01Cell_KeyStore_WASNode01_2" location="${NodeDefaultTrustStore_adminNode01Cell_KeyStore_WASNode01_2_location}" password="${NodeDefaultTrustStore_adminNode01Cell_KeyStore_WASNode01_2_password}"/>

    <ssl id="NodeDefaultSSLSettings_adminNode01Cell_SSLConfig_WASNode01_1" keyStoreRef="NodeDefaultKeyStore_adminNode01Cell_KeyStore_WASNode01_1" sslProtocol="${NodeDefaultSSLSettings_adminNode01Cell_SSLConfig_WASNode01_1_sslProtocol}" trustStoreRef="NodeDefaultTrustStore_adminNode01Cell_KeyStore_WASNode01_2"/>

    <sslDefault sslRef="NodeDefaultSSLSettings_adminNode01Cell_SSLConfig_WASNode01_1"/>

    <!-- The following variables, which often differ between environments, have been extracted from the migrated configuration to allow for easy substitution. -->
    <variable name="Default_Datasource_WASNode01_server1_DataSource_1183122153625_databaseName" defaultValue="${APP_INSTALL_ROOT}/${CELL}/DefaultApplication.ear/DefaultDB"/>
    <variable name="DERBY_JDBC_DRIVER_PATH" defaultValue="${WAS_INSTALL_ROOT}/derby/lib"/>
    <variable name="httpEndpoint_host_1" defaultValue="*"/>
    <variable name="httpEndpoint_port_1" defaultValue="9080"/>
    <variable name="httpEndpoint_secure_port_1" defaultValue="9443"/>
    <variable name="NodeDefaultKeyStore_adminNode01Cell_KeyStore_WASNode01_1_location" defaultValue="DefaultApplication_ear_WASNode01_NodeDefaultKeyStore_key.p12"/>
    <variable name="NodeDefaultSSLSettings_adminNode01Cell_SSLConfig_WASNode01_1_sslProtocol" defaultValue="TLS"/>
    <variable name="NodeDefaultTrustStore_adminNode01Cell_KeyStore_WASNode01_2_location" defaultValue="DefaultApplication_ear_WASNode01_NodeDefaultTrustStore_trust.p12"/>

    <!-- The following variables are used to replace sensitive data in the server.xml file for the application.
         The values for these variables were not collected because the includeSensitiveData option was not specified.
    -->
    <variable name="NodeDefaultKeyStore_adminNode01Cell_KeyStore_WASNode01_1_password" defaultValue=""/>
    <variable name="NodeDefaultTrustStore_adminNode01Cell_KeyStore_WASNode01_2_password" defaultValue=""/>
</server>
