{
   "domain": "javaAppServer",
   "middleware": "was",
   "host": "admin.ibm.demo",
   "assessmentUnitName": "DefaultApplication.ear",
   "applicationName": "DefaultApplication.ear",
   "checksum": "c15fc431f653f8324a7fcc456a924c54851dec06433ee4e7f5498631d60c32e8",
   "dcVersion": "",
   "binaryScannerVersion": "23.0.0.5",
   "collectionUnitType": "profile",
   "collectionUnitName": "AppSrv01",
   "isVirtual": "false",
   "rawDependencies": [
      {
         "domain": "database",
         "middleware": "derby",
         "assessmentUnitName": "${Default_Datasource_WASNode01_server1_DataSource_1183122153625_databaseName}",
         "applicationName": "${Default_Datasource_WASNode01_server1_DataSource_1183122153625_databaseName}",
         "collectionUnitType": "instance",
         "isVirtual": "false",
         "identifier": {
            "databaseName": "${Default_Datasource_WASNode01_server1_DataSource_1183122153625_databaseName}"
         }
      }
   ],
   "serverXml": {
      "server": {
         "applicationManager": {
            "autoExpand": "true"
         },
         "dataSource": {
            "connectionManager": {
               "connectionTimeout": "180",
               "maxPoolSize": "10",
               "minPoolSize": "1"
            },
            "heritageSettings": {
               "helperClass": "com.ibm.websphere.rsadapter.DerbyDataStoreHelper"
            },
            "id": "Default Datasource_WASNode01_server1_DataSource_1183122153625",
            "jdbcDriverRef": "Derby_JDBC_Provider_WASNode01_server1_JDBCProvider_1183122153343",
            "jndiName": "DefaultDatasource",
            "properties.derby.embedded": {
               "connectionAttributes": "upgrade=true",
               "databaseName": "${Default_Datasource_WASNode01_server1_DataSource_1183122153625_databaseName}"
            },
            "type": "javax.sql.ConnectionPoolDataSource"
         },
         "description": "Configuration generated by binaryAppScanner",
         "enterpriseApplication": {
            "application-bnd": {
               "security-role": {
                  "name": "All Role",
                  "special-subject": {
                     "type": "ALL_AUTHENTICATED_USERS"
                  }
               }
            },
            "id": "DefaultApplication.ear",
            "location": "DefaultApplication.ear",
            "web-ext": {
               "context-root": "/",
               "id": "DefaultApplication.ear_web-ext_DefaultWebApplication",
               "moduleName": "DefaultWebApplication"
            }
         },
         "featureManager": {
            "feature": [
               "appSecurity-2.0",
               "ejbLite-3.2",
               "jdbc-4.1",
               "jsp-2.3",
               "ldapRegistry-3.0",
               "servlet-3.1"
            ]
         },
         "httpEndpoint": {
            "host": "${httpEndpoint_host_1}",
            "httpPort": "${httpEndpoint_port_1}",
            "httpsPort": "${httpEndpoint_secure_port_1}",
            "id": "defaultHttpEndpoint"
         },
         "jdbcDriver": {
            "id": "Derby_JDBC_Provider_WASNode01_server1_JDBCProvider_1183122153343",
            "library": {
               "file": {
                  "name": "${DERBY_JDBC_DRIVER_PATH}/derby.jar"
               }
            }
         },
         "keyStore": [
            {
               "id": "NodeDefaultKeyStore_adminNode01Cell_KeyStore_WASNode01_1",
               "location": "${NodeDefaultKeyStore_adminNode01Cell_KeyStore_WASNode01_1_location}",
               "password": "${NodeDefaultKeyStore_adminNode01Cell_KeyStore_WASNode01_1_password}"
            },
            {
               "id": "NodeDefaultTrustStore_adminNode01Cell_KeyStore_WASNode01_2",
               "location": "${NodeDefaultTrustStore_adminNode01Cell_KeyStore_WASNode01_2_location}",
               "password": "${NodeDefaultTrustStore_adminNode01Cell_KeyStore_WASNode01_2_password}"
            }
         ],
         "ssl": {
            "id": "NodeDefaultSSLSettings_adminNode01Cell_SSLConfig_WASNode01_1",
            "keyStoreRef": "NodeDefaultKeyStore_adminNode01Cell_KeyStore_WASNode01_1",
            "sslProtocol": "${NodeDefaultSSLSettings_adminNode01Cell_SSLConfig_WASNode01_1_sslProtocol}",
            "trustStoreRef": "NodeDefaultTrustStore_adminNode01Cell_KeyStore_WASNode01_2"
         },
         "sslDefault": {
            "sslRef": "NodeDefaultSSLSettings_adminNode01Cell_SSLConfig_WASNode01_1"
         },
         "transaction": {
            "propogatedOrBMTTranLifetimeTimeout": "300"
         },
         "variable": [
            {
               "defaultValue": "${APP_INSTALL_ROOT}/${CELL}/DefaultApplication.ear/DefaultDB",
               "name": "Default_Datasource_WASNode01_server1_DataSource_1183122153625_databaseName"
            },
            {
               "defaultValue": "${WAS_INSTALL_ROOT}/derby/lib",
               "name": "DERBY_JDBC_DRIVER_PATH"
            },
            {
               "defaultValue": "*",
               "name": "httpEndpoint_host_1"
            },
            {
               "defaultValue": "9080",
               "name": "httpEndpoint_port_1"
            },
            {
               "defaultValue": "9443",
               "name": "httpEndpoint_secure_port_1"
            },
            {
               "defaultValue": "DefaultApplication_ear_WASNode01_NodeDefaultKeyStore_key.p12",
               "name": "NodeDefaultKeyStore_adminNode01Cell_KeyStore_WASNode01_1_location"
            },
            {
               "defaultValue": "TLS",
               "name": "NodeDefaultSSLSettings_adminNode01Cell_SSLConfig_WASNode01_1_sslProtocol"
            },
            {
               "defaultValue": "DefaultApplication_ear_WASNode01_NodeDefaultTrustStore_trust.p12",
               "name": "NodeDefaultTrustStore_adminNode01Cell_KeyStore_WASNode01_2_location"
            },
            {
               "defaultValue": "",
               "name": "NodeDefaultKeyStore_adminNode01Cell_KeyStore_WASNode01_1_password"
            },
            {
               "defaultValue": "",
               "name": "NodeDefaultTrustStore_adminNode01Cell_KeyStore_WASNode01_2_password"
            }
         ]
      }
   }
}