{
   "productInf": [
      {
         "name": "IBM WebSphere Application Server",
         "id": "BASE",
         "version": "8.5.5.20",
         "buildDate": "7/8/21",
         "buildLevel": "cf202127.02"
      }
   ],
   "profiles": [
      {
         "name": "AppSrv01",
         "profilePath": "/opt/IBM/WebSphere/AppServer/profiles/AppSrv01",
         "cellName": "adminNode01Cell",
         "servers": [
            {
               "name": "WASNode01/server1",
               "displayName": "",
               "serverType": "APPLICATION_SERVER"
            }
         ],
         "clusterNames": [
         ],
         "clusterInfo": [
         ],
         "applications": [
            "/opt/IBM/WebSphere/AppServer/profiles/AppSrv01/config/cells/adminNode01Cell/applications/CustomerOrderServicesApp.ear/CustomerOrderServicesApp.ear",
            "/opt/IBM/WebSphere/AppServer/profiles/AppSrv01/config/cells/adminNode01Cell/applications/DefaultApplication.ear/DefaultApplication.ear",
            "/opt/IBM/WebSphere/AppServer/profiles/AppSrv01/config/cells/adminNode01Cell/applications/ivtApp.ear/ivtApp.ear",
            "/opt/IBM/WebSphere/AppServer/profiles/AppSrv01/config/cells/adminNode01Cell/applications/modresorts-1_0_war.ear/modresorts-1_0_war.ear",
            "/opt/IBM/WebSphere/AppServer/profiles/AppSrv01/config/cells/adminNode01Cell/applications/query.ear/query.ear"
         ],
         "appsInfo": [
            {
               "name": "CustomerOrderServicesApp.ear",
               "path": "/opt/IBM/WebSphere/AppServer/profiles/AppSrv01/config/cells/adminNode01Cell/applications/CustomerOrderServicesApp.ear/CustomerOrderServicesApp.ear",
               "hasSharedLibrary": false,
               "server": ""
            },
            {
               "name": "DefaultApplication.ear",
               "path": "/opt/IBM/WebSphere/AppServer/profiles/AppSrv01/config/cells/adminNode01Cell/applications/DefaultApplication.ear/DefaultApplication.ear",
               "hasSharedLibrary": false,
               "server": ""
            },
            {
               "name": "ivtApp.ear",
               "path": "/opt/IBM/WebSphere/AppServer/profiles/AppSrv01/config/cells/adminNode01Cell/applications/ivtApp.ear/ivtApp.ear",
               "hasSharedLibrary": false,
               "server": ""
            },
            {
               "name": "modresorts-1_0_war.ear",
               "path": "/opt/IBM/WebSphere/AppServer/profiles/AppSrv01/config/cells/adminNode01Cell/applications/modresorts-1_0_war.ear/modresorts-1_0_war.ear",
               "hasSharedLibrary": false,
               "server": ""
            },
            {
               "name": "query.ear",
               "path": "/opt/IBM/WebSphere/AppServer/profiles/AppSrv01/config/cells/adminNode01Cell/applications/query.ear/query.ear",
               "hasSharedLibrary": false,
               "server": ""
            }
         ],
         "isStandalone": true,
         "webSphereVersion": "was855",
         "javaVersion": "ibm8",
         "appsFound": true,
         "sharedLibraries": [
         ],
         "serverClasspath": [
         ],
         "webSphereVariables": [
            {
               "name": "APP_INSTALL_ROOT",
               "scope": "/opt/IBM/WebSphere/AppServer/profiles/AppSrv01/config/cells/adminNode01Cell/nodes/WASNode01",
               "value": "/opt/IBM/WebSphere/AppServer/profiles/AppSrv01/installedApps"
            },
            {
               "name": "CONNECTJDBC_JDBC_DRIVER_PATH",
               "scope": "/opt/IBM/WebSphere/AppServer/profiles/AppSrv01/config/cells/adminNode01Cell/nodes/WASNode01",
               "value": ""
            },
            {
               "name": "CONNECTOR_INSTALL_ROOT",
               "scope": "/opt/IBM/WebSphere/AppServer/profiles/AppSrv01/config/cells/adminNode01Cell/nodes/WASNode01",
               "value": "/opt/IBM/WebSphere/AppServer/profiles/AppSrv01/installedConnectors"
            },
            {
               "name": "DB2390_JDBC_DRIVER_PATH",
               "scope": "/opt/IBM/WebSphere/AppServer/profiles/AppSrv01/config/cells/adminNode01Cell/nodes/WASNode01",
               "value": ""
            },
            {
               "name": "DB2UNIVERSAL_JDBC_DRIVER_NATIVEPATH",
               "scope": "/opt/IBM/WebSphere/AppServer/profiles/AppSrv01/config/cells/adminNode01Cell/nodes/WASNode01",
               "value": ""
            },
            {
               "name": "DB2UNIVERSAL_JDBC_DRIVER_PATH",
               "scope": "/opt/IBM/WebSphere/AppServer/profiles/AppSrv01/config/cells/adminNode01Cell/nodes/WASNode01",
               "value": ""
            },
            {
               "name": "DB2_JCC_DRIVER_NATIVEPATH",
               "scope": "/opt/IBM/WebSphere/AppServer/profiles/AppSrv01/config/cells/adminNode01Cell/nodes/WASNode01",
               "value": ""
            },
            {
               "name": "DB2_JCC_DRIVER_PATH",
               "scope": "/opt/IBM/WebSphere/AppServer/profiles/AppSrv01/config/cells/adminNode01Cell/nodes/WASNode01",
               "value": ""
            },
            {
               "name": "DB2_JDBC_DRIVER_PATH",
               "scope": "/opt/IBM/WebSphere/AppServer/profiles/AppSrv01/config/cells/adminNode01Cell/nodes/WASNode01",
               "value": ""
            },
            {
               "name": "DEPLOY_TOOL_ROOT",
               "scope": "/opt/IBM/WebSphere/AppServer/profiles/AppSrv01/config/cells/adminNode01Cell/nodes/WASNode01",
               "value": "/opt/IBM/WebSphere/AppServer/deploytool/itp"
            },
            {
               "name": "DERBY_JDBC_DRIVER_PATH",
               "scope": "/opt/IBM/WebSphere/AppServer/profiles/AppSrv01/config/cells/adminNode01Cell",
               "value": "${WAS_INSTALL_ROOT}/derby/lib"
            },
            {
               "name": "DERBY_JDBC_DRIVER_PATH",
               "scope": "/opt/IBM/WebSphere/AppServer/profiles/AppSrv01/config/cells/adminNode01Cell/nodes/WASNode01",
               "value": "/opt/IBM/WebSphere/AppServer/derby/lib"
            },
            {
               "name": "DRIVER_PATH",
               "scope": "/opt/IBM/WebSphere/AppServer/profiles/AppSrv01/config/cells/adminNode01Cell/nodes/WASNode01",
               "value": "/opt/IBM/WebSphere/AppServer"
            },
            {
               "name": "GRID_ENDPOINT_DATASOURCE",
               "scope": "/opt/IBM/WebSphere/AppServer/profiles/AppSrv01/config/cells/adminNode01Cell",
               "value": "jdbc/pgc"
            },
            {
               "name": "GRID_JOBLOG_ROOT",
               "scope": "/opt/IBM/WebSphere/AppServer/profiles/AppSrv01/config/cells/adminNode01Cell",
               "value": "/opt/IBM/WebSphere/AppServer/profiles/AppSrv01"
            },
            {
               "name": "INFORMIX_JCC_DRIVER_PATH",
               "scope": "/opt/IBM/WebSphere/AppServer/profiles/AppSrv01/config/cells/adminNode01Cell/nodes/WASNode01",
               "value": ""
            },
            {
               "name": "INFORMIX_JDBC_DRIVER_PATH",
               "scope": "/opt/IBM/WebSphere/AppServer/profiles/AppSrv01/config/cells/adminNode01Cell/nodes/WASNode01",
               "value": ""
            },
            {
               "name": "JAVA_HOME",
               "scope": "/opt/IBM/WebSphere/AppServer/profiles/AppSrv01/config/cells/adminNode01Cell/nodes/WASNode01",
               "value": "/opt/IBM/WebSphere/AppServer/java"
            },
            {
               "name": "JVM_CACHE",
               "scope": "/opt/IBM/WebSphere/AppServer/profiles/AppSrv01/config/cells/adminNode01Cell/nodes/WASNode01",
               "value": ""
            },
            {
               "name": "LOCALHOST_NAME",
               "scope": "/opt/IBM/WebSphere/AppServer/profiles/AppSrv01/config/cells/adminNode01Cell/nodes/WASNode01",
               "value": "localhost"
            },
            {
               "name": "LOG_ROOT",
               "scope": "/opt/IBM/WebSphere/AppServer/profiles/AppSrv01/config/cells/adminNode01Cell/nodes/WASNode01",
               "value": "/opt/IBM/WebSphere/AppServer/profiles/AppSrv01/logs"
            },
            {
               "name": "MICROSOFT_JDBC_DRIVER_NATIVEPATH",
               "scope": "/opt/IBM/WebSphere/AppServer/profiles/AppSrv01/config/cells/adminNode01Cell/nodes/WASNode01",
               "value": ""
            },
            {
               "name": "MICROSOFT_JDBC_DRIVER_PATH",
               "scope": "/opt/IBM/WebSphere/AppServer/profiles/AppSrv01/config/cells/adminNode01Cell/nodes/WASNode01",
               "value": ""
            },
            {
               "name": "MQ_INSTALL_ROOT",
               "scope": "/opt/IBM/WebSphere/AppServer/profiles/AppSrv01/config/cells/adminNode01Cell/nodes/WASNode01",
               "value": "/opt/IBM/WebSphere/AppServer/lib/WMQ"
            },
            {
               "name": "ORACLE_JDBC_DRIVER_PATH",
               "scope": "/opt/IBM/WebSphere/AppServer/profiles/AppSrv01/config/cells/adminNode01Cell/nodes/WASNode01",
               "value": ""
            },
            {
               "name": "OS400_NATIVE_JDBC40_DRIVER_PATH",
               "scope": "/opt/IBM/WebSphere/AppServer/profiles/AppSrv01/config/cells/adminNode01Cell/nodes/WASNode01",
               "value": ""
            },
            {
               "name": "OS400_NATIVE_JDBC_DRIVER_PATH",
               "scope": "/opt/IBM/WebSphere/AppServer/profiles/AppSrv01/config/cells/adminNode01Cell/nodes/WASNode01",
               "value": ""
            },
            {
               "name": "OS400_TOOLBOX_JDBC_DRIVER_PATH",
               "scope": "/opt/IBM/WebSphere/AppServer/profiles/AppSrv01/config/cells/adminNode01Cell/nodes/WASNode01",
               "value": ""
            },
            {
               "name": "PUREQUERY_PATH",
               "scope": "/opt/IBM/WebSphere/AppServer/profiles/AppSrv01/config/cells/adminNode01Cell/nodes/WASNode01",
               "value": ""
            },
            {
               "name": "SERVER_LOG_ROOT",
               "scope": "/opt/IBM/WebSphere/AppServer/profiles/AppSrv01/config/cells/adminNode01Cell/nodes/WASNode01/servers/server1",
               "value": "/opt/IBM/WebSphere/AppServer/profiles/AppSrv01/logs/server1"
            },
            {
               "name": "SYBASE_JDBC_DRIVER_PATH",
               "scope": "/opt/IBM/WebSphere/AppServer/profiles/AppSrv01/config/cells/adminNode01Cell/nodes/WASNode01",
               "value": ""
            },
            {
               "name": "UNIVERSAL_JDBC_DRIVER_PATH",
               "scope": "/opt/IBM/WebSphere/AppServer/profiles/AppSrv01/config/cells/adminNode01Cell/nodes/WASNode01",
               "value": "/opt/IBM/WebSphere/AppServer/universalDriver/lib"
            },
            {
               "name": "USER_INSTALL_ROOT",
               "scope": "/opt/IBM/WebSphere/AppServer/profiles/AppSrv01/config/cells/adminNode01Cell/nodes/WASNode01",
               "value": "/opt/IBM/WebSphere/AppServer/profiles/AppSrv01"
            },
            {
               "name": "User-defined_JDBC_DRIVER_PATH",
               "scope": "/opt/IBM/WebSphere/AppServer/profiles/AppSrv01/config/cells/adminNode01Cell/nodes/WASNode01",
               "value": ""
            },
            {
               "name": "WAS_CELL_NAME",
               "scope": "/opt/IBM/WebSphere/AppServer/profiles/AppSrv01/config/cells/adminNode01Cell",
               "value": "adminNode01Cell"
            },
            {
               "name": "WAS_ETC_DIR",
               "scope": "/opt/IBM/WebSphere/AppServer/profiles/AppSrv01/config/cells/adminNode01Cell/nodes/WASNode01",
               "value": "/opt/IBM/WebSphere/AppServer/profiles/AppSrv01/etc"
            },
            {
               "name": "WAS_INSTALL_LIBRARY",
               "scope": "/opt/IBM/WebSphere/AppServer/profiles/AppSrv01/config/cells/adminNode01Cell/nodes/WASNode01",
               "value": "$(was.install.library)"
            },
            {
               "name": "WAS_INSTALL_ROOT",
               "scope": "/opt/IBM/WebSphere/AppServer/profiles/AppSrv01/config/cells/adminNode01Cell/nodes/WASNode01",
               "value": "/opt/IBM/WebSphere/AppServer"
            },
            {
               "name": "WAS_LIBS_DIR",
               "scope": "/opt/IBM/WebSphere/AppServer/profiles/AppSrv01/config/cells/adminNode01Cell/nodes/WASNode01",
               "value": "/opt/IBM/WebSphere/AppServer/lib"
            },
            {
               "name": "WAS_PROPS_DIR",
               "scope": "/opt/IBM/WebSphere/AppServer/profiles/AppSrv01/config/cells/adminNode01Cell/nodes/WASNode01",
               "value": "/opt/IBM/WebSphere/AppServer/profiles/AppSrv01/properties"
            },
            {
               "name": "WAS_SERVER_NAME",
               "scope": "/opt/IBM/WebSphere/AppServer/profiles/AppSrv01/config/cells/adminNode01Cell/nodes/WASNode01/servers/server1",
               "value": "server1"
            },
            {
               "name": "WAS_TEMP_DIR",
               "scope": "/opt/IBM/WebSphere/AppServer/profiles/AppSrv01/config/cells/adminNode01Cell/nodes/WASNode01",
               "value": "/opt/IBM/WebSphere/AppServer/profiles/AppSrv01/temp"
            }
         ],
         "appArray": [
         ],
         "archive": {
            "domain": "javaAppServer",
            "archiveName": "AppSrv01",
            "archiveType": "profile",
            "assessmentUnits": [
               "CustomerOrderServicesApp.ear",
               "DefaultApplication.ear",
               "ivtApp.ear",
               "modresorts-1_0_war.ear",
               "query.ear"
            ],
            "dcVersion": "",
            "binaryScannerVersion": "23.0.0.5",
            "middleware": "was",
            "host": "admin.ibm.demo"
         },
         "ignoreMissingSharedLibrary": false,
         "ignoreMissingBinary": false,
         "scanBinaryLocation": false,
         "hasConfig": true,
         "locale": "en",
         "assessUnitNames": [
            "CustomerOrderServicesApp.ear",
            "DefaultApplication.ear",
            "ivtApp.ear",
            "modresorts-1_0_war.ear",
            "query.ear"
         ]
      }
   ],
   "appsToScan_user": [
   ],
   "appsToSkip_user": [
   ],
   "scanNodeFlag": false,
   "ignoreMissingSharedLibrary": false,
   "ignoreMissingBinary": false,
   "scanBinaryLocation": false,
   "locale": "en"
}