{
   "domain": "javaAppServer",
   "middleware": "was",
   "host": "admin.ibm.demo",
   "assessmentUnitName": "ivtApp.ear",
   "applicationName": "ivtApp.ear",
   "checksum": "a15e4de8f1fc25a5baae1c2c262857048ec765d9f2c1314aa78d7caace1b5438",
   "dcVersion": "",
   "binaryScannerVersion": "23.0.0.5",
   "collectionUnitType": "profile",
   "collectionUnitName": "AppSrv01",
   "isVirtual": "false",
   "serverXml": {
      "server": {
         "applicationManager": {
            "autoExpand": "true"
         },
         "description": "Configuration generated by binaryAppScanner",
         "enterpriseApplication": {
            "application-bnd": {
               "security-role": [
                  {
                     "name": "All Role"
                  },
                  {
                     "name": "Everyone Role"
                  }
               ]
            },
            "id": "ivtApp.ear",
            "location": "ivtApp.ear",
            "web-ext": {
               "context-root": "/ivt",
               "id": "ivtApp.ear_web-ext_ivt_app",
               "moduleName": "ivt_app"
            }
         },
         "featureManager": {
            "feature": [
               "appSecurity-2.0",
               "ejbLite-3.2",
               "jndi-1.0",
               "jsp-2.3",
               "ldapRegistry-3.0",
               "servlet-3.1"
            ]
         },
         "httpEndpoint": {
            "host": "${httpEndpoint_host_2}",
            "httpPort": "${httpEndpoint_port_2}",
            "httpsPort": "${httpEndpoint_secure_port_2}",
            "id": "defaultHttpEndpoint"
         },
         "keyStore": [
            {
               "id": "NodeDefaultKeyStore_adminNode01Cell_KeyStore_WASNode01_1",
               "location": "${NodeDefaultKeyStore_adminNode01Cell_KeyStore_WASNode01_1_location}",
               "password": "${NodeDefaultKeyStore_adminNode01Cell_KeyStore_WASNode01_1_password}"
            },
            {
               "id": "NodeDefaultTrustStore_adminNode01Cell_KeyStore_WASNode01_2",
               "location": "${NodeDefaultTrustStore_adminNode01Cell_KeyStore_WASNode01_2_location}",
               "password": "${NodeDefaultTrustStore_adminNode01Cell_KeyStore_WASNode01_2_password}"
            }
         ],
         "ssl": {
            "id": "NodeDefaultSSLSettings_adminNode01Cell_SSLConfig_WASNode01_1",
            "keyStoreRef": "NodeDefaultKeyStore_adminNode01Cell_KeyStore_WASNode01_1",
            "sslProtocol": "${NodeDefaultSSLSettings_adminNode01Cell_SSLConfig_WASNode01_1_sslProtocol}",
            "trustStoreRef": "NodeDefaultTrustStore_adminNode01Cell_KeyStore_WASNode01_2"
         },
         "sslDefault": {
            "sslRef": "NodeDefaultSSLSettings_adminNode01Cell_SSLConfig_WASNode01_1"
         },
         "transaction": {
            "propogatedOrBMTTranLifetimeTimeout": "300"
         },
         "variable": [
            {
               "defaultValue": "*",
               "name": "httpEndpoint_host_2"
            },
            {
               "defaultValue": "9080",
               "name": "httpEndpoint_port_2"
            },
            {
               "defaultValue": "9443",
               "name": "httpEndpoint_secure_port_2"
            },
            {
               "defaultValue": "ivtApp_ear_WASNode01_NodeDefaultKeyStore_key.p12",
               "name": "NodeDefaultKeyStore_adminNode01Cell_KeyStore_WASNode01_1_location"
            },
            {
               "defaultValue": "TLS",
               "name": "NodeDefaultSSLSettings_adminNode01Cell_SSLConfig_WASNode01_1_sslProtocol"
            },
            {
               "defaultValue": "ivtApp_ear_WASNode01_NodeDefaultTrustStore_trust.p12",
               "name": "NodeDefaultTrustStore_adminNode01Cell_KeyStore_WASNode01_2_location"
            },
            {
               "defaultValue": "",
               "name": "NodeDefaultKeyStore_adminNode01Cell_KeyStore_WASNode01_1_password"
            },
            {
               "defaultValue": "",
               "name": "NodeDefaultTrustStore_adminNode01Cell_KeyStore_WASNode01_2_password"
            }
         ]
      }
   }
}