{
   "report": "analysis",
   "version": "1.4",
   "productVersion": "23.0.0.5",
   "productRelease": "23.0.0.5",
   "buildID": "v20240107_2333",
   "options": [
      "--sourceAppServer=was855",
      "--sourceJava=ibm8",
      "--sourceJavaEE=ee6",
      "--targetAppServer=liberty",
      "--targetJava=ibm8",
      "--targetCloud=containers",
      "--includeHelpLocation",
      "--maxUserDefinedRuleResults=100",
      "--userRuleLocation=/home/ibmuser/Downloads/TA-DC/transformationadvisor-3.8.1/bin/../conf/userDefinedRules",
      "--excludePackages=ch.qos,com.cloudant,com.cognos,com.fasterxml,com.filenet,com.ibatis,com.ibm,com.informix,com.lowagie,com.mchange,com.meterware,com.microsoft,com.mongodb,com.mysql,com.sun,com.sybase,filenet,freemarker,groovy,jakarta,java,javax,net,oracle,org,sqlj,sun,twitter4j,_ibmjsp"
   ],
   "totalRulesFlagged": 0,
   "filesAffected": 0,
   "totalResults": 0,
   "applications": [
      "/opt/IBM/WebSphere/AppServer/profiles/AppSrv01/config/cells/adminNode01Cell/applications/ivtApp.ear/ivtApp.ear"
   ],
   "rules": [
   ]
}