{
   "domain": "javaAppServer",
   "middleware": "was",
   "host": "admin.ibm.demo",
   "assessmentUnitName": "modresorts-1_0_war.ear",
   "applicationName": "modresorts-1_0_war.ear",
   "checksum": "ef62de6439f326a9e563807efc3a6e570cea75353d581a4ad30bcecaa9d8342e",
   "dcVersion": "",
   "binaryScannerVersion": "23.0.0.5",
   "collectionUnitType": "profile",
   "collectionUnitName": "AppSrv01",
   "isVirtual": "false",
   "serverXml": {
      "server": {
         "applicationManager": {
            "autoExpand": "true"
         },
         "description": "Configuration generated by binaryAppScanner",
         "featureManager": {
            "feature": [
               "appSecurity-2.0",
               "ldapRegistry-3.0",
               "servlet-3.1"
            ]
         },
         "httpEndpoint": {
            "host": "${httpEndpoint_host_3}",
            "httpPort": "${httpEndpoint_port_3}",
            "httpsPort": "${httpEndpoint_secure_port_3}",
            "id": "defaultHttpEndpoint"
         },
         "keyStore": [
            {
               "id": "NodeDefaultKeyStore_adminNode01Cell_KeyStore_WASNode01_1",
               "location": "${NodeDefaultKeyStore_adminNode01Cell_KeyStore_WASNode01_1_location}",
               "password": "${NodeDefaultKeyStore_adminNode01Cell_KeyStore_WASNode01_1_password}"
            },
            {
               "id": "NodeDefaultTrustStore_adminNode01Cell_KeyStore_WASNode01_2",
               "location": "${NodeDefaultTrustStore_adminNode01Cell_KeyStore_WASNode01_2_location}",
               "password": "${NodeDefaultTrustStore_adminNode01Cell_KeyStore_WASNode01_2_password}"
            }
         ],
         "ssl": {
            "id": "NodeDefaultSSLSettings_adminNode01Cell_SSLConfig_WASNode01_1",
            "keyStoreRef": "NodeDefaultKeyStore_adminNode01Cell_KeyStore_WASNode01_1",
            "sslProtocol": "${NodeDefaultSSLSettings_adminNode01Cell_SSLConfig_WASNode01_1_sslProtocol}",
            "trustStoreRef": "NodeDefaultTrustStore_adminNode01Cell_KeyStore_WASNode01_2"
         },
         "sslDefault": {
            "sslRef": "NodeDefaultSSLSettings_adminNode01Cell_SSLConfig_WASNode01_1"
         },
         "transaction": {
            "propogatedOrBMTTranLifetimeTimeout": "300"
         },
         "variable": [
            {
               "defaultValue": "*",
               "name": "httpEndpoint_host_3"
            },
            {
               "defaultValue": "9080",
               "name": "httpEndpoint_port_3"
            },
            {
               "defaultValue": "9443",
               "name": "httpEndpoint_secure_port_3"
            },
            {
               "defaultValue": "modresorts-1_0_war_ear_WASNode01_NodeDefaultKeyStore_key.p12",
               "name": "NodeDefaultKeyStore_adminNode01Cell_KeyStore_WASNode01_1_location"
            },
            {
               "defaultValue": "TLS",
               "name": "NodeDefaultSSLSettings_adminNode01Cell_SSLConfig_WASNode01_1_sslProtocol"
            },
            {
               "defaultValue": "modresorts-1_0_war_ear_WASNode01_NodeDefaultTrustStore_trust.p12",
               "name": "NodeDefaultTrustStore_adminNode01Cell_KeyStore_WASNode01_2_location"
            },
            {
               "defaultValue": "",
               "name": "NodeDefaultKeyStore_adminNode01Cell_KeyStore_WASNode01_1_password"
            },
            {
               "defaultValue": "",
               "name": "NodeDefaultTrustStore_adminNode01Cell_KeyStore_WASNode01_2_password"
            }
         ],
         "webApplication": {
            "contextRoot": "/resorts",
            "id": "modresorts-1_0_war.ear",
            "location": "modresorts-1.0.war"
         }
      }
   }
}