{
   "domain": "javaAppServer",
   "middleware": "was",
   "host": "admin.ibm.demo",
   "assessmentUnitName": "query.ear",
   "applicationName": "query.ear",
   "checksum": "aef5532748efeee204bc88c42611a7511cb96d12691da7e0ca34e896a426c3e7",
   "dcVersion": "",
   "binaryScannerVersion": "23.0.0.5",
   "collectionUnitType": "profile",
   "collectionUnitName": "AppSrv01",
   "isVirtual": "false",
   "serverXml": {
      "server": {
         "applicationManager": {
            "autoExpand": "true"
         },
         "description": "Configuration generated by binaryAppScanner",
         "enterpriseApplication": {
            "id": "query.ear",
            "location": "query.ear"
         },
         "featureManager": {
            "feature": [
               "appSecurity-2.0",
               "ejbHome-3.2",
               "ejbLite-3.2",
               "ejbRemote-3.2",
               "ldapRegistry-3.0"
            ]
         },
         "httpEndpoint": {
            "host": "${httpEndpoint_host_4}",
            "httpPort": "${httpEndpoint_port_4}",
            "httpsPort": "${httpEndpoint_secure_port_4}",
            "id": "defaultHttpEndpoint"
         },
         "keyStore": [
            {
               "id": "NodeDefaultKeyStore_adminNode01Cell_KeyStore_WASNode01_1",
               "location": "${NodeDefaultKeyStore_adminNode01Cell_KeyStore_WASNode01_1_location}",
               "password": "${NodeDefaultKeyStore_adminNode01Cell_KeyStore_WASNode01_1_password}"
            },
            {
               "id": "NodeDefaultTrustStore_adminNode01Cell_KeyStore_WASNode01_2",
               "location": "${NodeDefaultTrustStore_adminNode01Cell_KeyStore_WASNode01_2_location}",
               "password": "${NodeDefaultTrustStore_adminNode01Cell_KeyStore_WASNode01_2_password}"
            }
         ],
         "ssl": {
            "id": "NodeDefaultSSLSettings_adminNode01Cell_SSLConfig_WASNode01_1",
            "keyStoreRef": "NodeDefaultKeyStore_adminNode01Cell_KeyStore_WASNode01_1",
            "sslProtocol": "${NodeDefaultSSLSettings_adminNode01Cell_SSLConfig_WASNode01_1_sslProtocol}",
            "trustStoreRef": "NodeDefaultTrustStore_adminNode01Cell_KeyStore_WASNode01_2"
         },
         "sslDefault": {
            "sslRef": "NodeDefaultSSLSettings_adminNode01Cell_SSLConfig_WASNode01_1"
         },
         "transaction": {
            "propogatedOrBMTTranLifetimeTimeout": "300"
         },
         "variable": [
            {
               "defaultValue": "*",
               "name": "httpEndpoint_host_4"
            },
            {
               "defaultValue": "9080",
               "name": "httpEndpoint_port_4"
            },
            {
               "defaultValue": "9443",
               "name": "httpEndpoint_secure_port_4"
            },
            {
               "defaultValue": "query_ear_WASNode01_NodeDefaultKeyStore_key.p12",
               "name": "NodeDefaultKeyStore_adminNode01Cell_KeyStore_WASNode01_1_location"
            },
            {
               "defaultValue": "TLS",
               "name": "NodeDefaultSSLSettings_adminNode01Cell_SSLConfig_WASNode01_1_sslProtocol"
            },
            {
               "defaultValue": "query_ear_WASNode01_NodeDefaultTrustStore_trust.p12",
               "name": "NodeDefaultTrustStore_adminNode01Cell_KeyStore_WASNode01_2_location"
            },
            {
               "defaultValue": "",
               "name": "NodeDefaultKeyStore_adminNode01Cell_KeyStore_WASNode01_1_password"
            },
            {
               "defaultValue": "",
               "name": "NodeDefaultTrustStore_adminNode01Cell_KeyStore_WASNode01_2_password"
            }
         ]
      }
   }
}