{
   "report": "analysis",
   "version": "1.4",
   "productVersion": "23.0.0.5",
   "productRelease": "23.0.0.5",
   "buildID": "v20240107_2333",
   "options": [
      "--sourceAppServer=was855",
      "--sourceJava=ibm8",
      "--sourceJavaEE=ee6",
      "--targetAppServer=liberty",
      "--targetJava=ibm8",
      "--targetCloud=containers",
      "--includeHelpLocation",
      "--maxUserDefinedRuleResults=100",
      "--userRuleLocation=/home/ibmuser/Downloads/TA-DC/transformationadvisor-3.8.1/bin/../conf/userDefinedRules",
      "--excludePackages=ch.qos,com.cloudant,com.cognos,com.fasterxml,com.filenet,com.ibatis,com.ibm,com.informix,com.lowagie,com.mchange,com.meterware,com.microsoft,com.mongodb,com.mysql,com.sun,com.sybase,filenet,freemarker,groovy,jakarta,java,javax,net,oracle,org,sqlj,sun,twitter4j,_ibmjsp"
   ],
   "totalRulesFlagged": 6,
   "filesAffected": 3,
   "totalResults": 7,
   "severitySummary": [
      {
         "severity": "Critical",
         "severityId": "severe",
         "totalRulesFlagged": 1,
         "totalResults": 2,
         "totalRulesFlaggedWithAutomatedFix": 0,
         "totalResultsWithAutomatedFix": 0
      },
      {
         "severity": "Warning",
         "severityId": "warning",
         "totalRulesFlagged": 1,
         "totalResults": 1,
         "totalRulesFlaggedWithAutomatedFix": 0,
         "totalResultsWithAutomatedFix": 0
      },
      {
         "severity": "Information",
         "severityId": "info",
         "totalRulesFlagged": 4,
         "totalResults": 4,
         "totalRulesFlaggedWithAutomatedFix": 0,
         "totalResultsWithAutomatedFix": 0
      }
   ],
   "applications": [
      "/opt/IBM/WebSphere/AppServer/profiles/AppSrv01/config/cells/adminNode01Cell/applications/query.ear/query.ear"
   ],
   "rules": [
      {
         "ruleName": "Handling application configuration in Docker containers",
         "ruleId": "DetectPropertiesFiles",
         "ruleHelpLocation": "/ruleinfo/appmigration/cloud/DetectPropertiesFiles.html",
         "devCost": "0",
         "instanceCost": "0",
         "severity": "Information",
         "severityId": "info",
         "recipe": null,
         "alternativeRecipes": [
         ],
         "category": "Containers (OpenShift, Kubernetes)",
         "categoryId": "appconversion.cloud.category.docker",
         "totalResults": 1,
         "results": [
            {
               "fileName": "query.ear/querybean.jar/META-INF/ibm_ejbext.properties",
               "details": [
                  {
                     "reference": null,
                     "match": "(.*)?\\.properties",
                     "lineNumber": 0
                  }
               ]
            }
         ]
      },
      {
         "ruleName": "Java EE security",
         "ruleId": "ApplicationSecurityRule",
         "ruleHelpLocation": "/ruleinfo/appmigration/cloud/ApplicationSecurity.html",
         "devCost": "0",
         "instanceCost": "0",
         "severity": "Information",
         "severityId": "info",
         "recipe": null,
         "alternativeRecipes": [
         ],
         "category": "Technology connectivity considerations for IBM Cloud",
         "categoryId": "appconversion.cloud.category.technology.connectivity",
         "totalResults": 1,
         "results": [
            {
               "fileName": "query.ear/querybean.jar/META-INF/ejb-jar.xml",
               "details": [
                  {
                     "reference": null,
                     "match": "method-permission",
                     "lineNumber": 17
                  }
               ]
            }
         ]
      },
      {
         "ruleName": "Remote EJB providers",
         "ruleId": "RemoteEJBProvidersRule",
         "ruleHelpLocation": "/ruleinfo/appmigration/cloud/RemoteEJBProviders.html",
         "devCost": "0",
         "instanceCost": "0",
         "severity": "Information",
         "severityId": "info",
         "recipe": null,
         "alternativeRecipes": [
         ],
         "category": "Technology connectivity considerations for IBM Cloud (not Liberty Core)",
         "categoryId": "appconversion.cloud.category.technology.connectivity.noLibertyCore",
         "totalResults": 1,
         "results": [
            {
               "fileName": "query.ear/querybean.jar/META-INF/ejb-jar.xml",
               "details": [
                  {
                     "reference": null,
                     "match": "home",
                     "lineNumber": 7
                  }
               ]
            }
         ]
      },
      {
         "ruleName": "The WebSphere EJB Query API is unavailable",
         "ruleId": "DynamicQueryRule",
         "ruleHelpLocation": "/ruleinfo/appconversion/was2liberty/DynamicQueryRule.html",
         "devCost": "1",
         "instanceCost": "0.1",
         "severity": "Critical",
         "severityId": "severe",
         "recipe": null,
         "alternativeRecipes": [
         ],
         "category": "WebSphere traditional to Liberty",
         "categoryId": "appconversion.was2liberty.category",
         "totalResults": 2,
         "results": [
            {
               "fileName": "query.ear/querybean.jar/META-INF/ejb-jar.xml",
               "details": [
                  {
                     "reference": null,
                     "match": "home=com.ibm.websphere.ejbquery.QueryHome",
                     "lineNumber": 7
                  },
                  {
                     "reference": null,
                     "match": "remote=com.ibm.websphere.ejbquery.Query",
                     "lineNumber": 8
                  }
               ]
            }
         ]
      },
      {
         "ruleName": "Transaction propagation is not supported for Enterprise JavaBeans (EJB) remote interfaces",
         "ruleId": "DetectTransactionPropagationEJBRemote",
         "ruleHelpLocation": "/help/java/DetectTransactionPropagationEJBRemote.html",
         "devCost": "1",
         "instanceCost": "0.1",
         "severity": "Warning",
         "severityId": "warning",
         "recipe": null,
         "alternativeRecipes": [
         ],
         "category": "Java Technology Support for Liberty",
         "categoryId": "com.ibm.rrd.liberty.rules.liberty.profile.technology.ruleset",
         "totalResults": 1,
         "results": [
            {
               "fileName": "query.ear/querybean.jar/META-INF/ejb-jar.xml",
               "details": [
                  {
                     "reference": null,
                     "match": "remote",
                     "lineNumber": 8
                  }
               ]
            }
         ]
      },
      {
         "ruleName": "User-defined EJB binding locations were previously ignored in Liberty",
         "ruleId": "DetectEJBJNDIbindingName",
         "ruleHelpLocation": "/ruleinfo/appconversion/was2liberty/DetectEJBJNDIbindingName.html",
         "devCost": "0",
         "instanceCost": "0",
         "severity": "Information",
         "severityId": "info",
         "recipe": null,
         "alternativeRecipes": [
         ],
         "category": "WebSphere traditional to Liberty",
         "categoryId": "appconversion.was2liberty.category",
         "totalResults": 1,
         "results": [
            {
               "fileName": "query.ear/querybean.jar/META-INF/ibm-ejb-jar-bnd.xmi",
               "details": [
                  {
                     "reference": null,
                     "match": "ejbBindings.jndiName=com/ibm/websphere/ejbquery/Query",
                     "lineNumber": 9
                  }
               ]
            }
         ]
      }
   ]
}