<?xml version="1.0" encoding="UTF-8" standalone="no"?>
<!--Generated by IBM TransformationAdvisor 3.8.1
Wed Feb 07 15:38:46 UTC 2024--><server description="Configuration generated by binaryAppScanner">
    <featureManager>
        <!--Generated by IBM TransformationAdvisor 3.8.1 to support metric integration.More details: https://davemulley.medium.com/monitoring-websphere-liberty-jee6-applications-in-red-hat-openshift-7927a1064e12-->
        <feature>monitor-1.0</feature>
        <!--End features generated by Transformation Advisor-->
        <!--The following features are available in all editions of Liberty.-->
        <feature>appSecurity-2.0</feature>
        <feature>beanValidation-1.0</feature>
        <feature>cdi-1.0</feature>
        <feature>ejbLite-3.1</feature>
        <feature>javaMail-1.5</feature>
        <feature>jndi-1.0</feature>
        <feature>jpa-2.0</feature>
        <feature>jsf-2.0</feature>
        <feature>jsp-2.2</feature>
        <feature>servlet-3.0</feature>
    </featureManager>
    <!-- This configuration was migrated on 2/7/24 at 10:36:48 AM from the following location: /opt/IBM/WebSphere/AppServer85515/profiles/AppSrv01 -->
    <!-- The binary scanner does not support the migration of all WebSphere traditional configuration elements. Check the binary scanner documentation for the list of supported configuration elements. -->
    <applicationManager autoExpand="true"/>
    <httpEndpoint host="${httpEndpoint_host}" httpPort="${httpEndpoint_port}" httpsPort="${httpEndpoint_secure_port}" id="defaultHttpEndpoint"/>
    <enterpriseApplication id="plantsbywebsphereee6.ear" location="plantsbywebsphereee6.ear"/>
    <authData id="rhel9-baseNode01/pbwuser" password="${rhel9_baseNode01_pbwuser_password}" user="${rhel9_baseNode01_pbwuser_user}"/>
    <jdbcDriver id="DB2_Universal_JDBC_Driver_Provider_(XA)_rhel9-baseNode01_tWAS_85515_server_JDBCProvider_1673316041995">
        <library>
            <file name="${shared.config.dir}/lib/global/db2jcc.jar"/>
            <file name="${shared.config.dir}/lib/global/db2jcc_license_cu.jar"/>
        </library>
    </jdbcDriver>
    <dataSource beginTranForResultSetScrollingAPIs="false" beginTranForVendorAPIs="false" containerAuthDataRef="rhel9-baseNode01/pbwuser" id="PBWDataSource_rhel9-baseNode01_tWAS_85515_server_DataSource_1673361478120" jdbcDriverRef="DB2_Universal_JDBC_Driver_Provider_(XA)_rhel9-baseNode01_tWAS_85515_server_JDBCProvider_1673316041995" jndiName="jdbc/PlantsByWebSphereDataSource" type="javax.sql.XADataSource">
        <properties.db2.jcc databaseName="${PBWDataSource_rhel9_baseNode01_tWAS_85515_server_DataSource_1673361478120_databaseName}" driverType="4" portNumber="${PBWDataSource_rhel9_baseNode01_tWAS_85515_server_DataSource_1673361478120_portNumber}" serverName="${PBWDataSource_rhel9_baseNode01_tWAS_85515_server_DataSource_1673361478120_serverName}"/>
        <connectionManager connectionTimeout="180" enableContainerAuthForDirectLookups="true" maxPoolSize="10"/>
        <heritageSettings helperClass="com.ibm.websphere.rsadapter.DB2UniversalDataStoreHelper" replaceExceptions="true"/>
    </dataSource>
    <jdbcDriver id="DB2_Universal_JDBC_Driver_Provider_rhel9-baseNode01_tWAS_85515_server_JDBCProvider_1673316098332">
        <library>
            <file name="${shared.config.dir}/lib/global/db2jcc.jar"/>
            <file name="${shared.config.dir}/lib/global/db2jcc_license_cu.jar"/>
        </library>
    </jdbcDriver>
    <dataSource beginTranForResultSetScrollingAPIs="false" beginTranForVendorAPIs="false" containerAuthDataRef="rhel9-baseNode01/pbwuser" id="NoTxPBWDataSource_rhel9-baseNode01_tWAS_85515_server_DataSource_1673564702594" jdbcDriverRef="DB2_Universal_JDBC_Driver_Provider_rhel9-baseNode01_tWAS_85515_server_JDBCProvider_1673316098332" jndiName="jdbc/PlantsByWebSphereDataSourceNONJTA" type="javax.sql.ConnectionPoolDataSource">
        <properties.db2.jcc databaseName="${NoTxPBWDataSource_rhel9_baseNode01_tWAS_85515_server_DataSource_1673564702594_databaseName}" driverType="4" portNumber="${NoTxPBWDataSource_rhel9_baseNode01_tWAS_85515_server_DataSource_1673564702594_portNumber}" retrieveMessagesFromServerOnGetMessage="true" serverName="${NoTxPBWDataSource_rhel9_baseNode01_tWAS_85515_server_DataSource_1673564702594_serverName}"/>
        <connectionManager connectionTimeout="180" enableContainerAuthForDirectLookups="true" maxPoolSize="10"/>
        <heritageSettings helperClass="com.ibm.websphere.rsadapter.DB2UniversalDataStoreHelper" replaceExceptions="true"/>
    </dataSource>
    <transaction propogatedOrBMTTranLifetimeTimeout="300"/>
    <keyStore id="NodeDefaultKeyStore_rhel9-baseNode01Cell_KeyStore_rhel9-baseNode01_1" location="${NodeDefaultKeyStore_rhel9_baseNode01Cell_KeyStore_rhel9_baseNode01_1_location}" password="${NodeDefaultKeyStore_rhel9_baseNode01Cell_KeyStore_rhel9_baseNode01_1_password}"/>
    <keyStore id="NodeDefaultTrustStore_rhel9-baseNode01Cell_KeyStore_rhel9-baseNode01_2" location="${NodeDefaultTrustStore_rhel9_baseNode01Cell_KeyStore_rhel9_baseNode01_2_location}" password="${NodeDefaultTrustStore_rhel9_baseNode01Cell_KeyStore_rhel9_baseNode01_2_password}"/>
    <ssl id="NodeDefaultSSLSettings_rhel9-baseNode01Cell_SSLConfig_rhel9-baseNode01_1" keyStoreRef="NodeDefaultKeyStore_rhel9-baseNode01Cell_KeyStore_rhel9-baseNode01_1" sslProtocol="${NodeDefaultSSLSettings_rhel9_baseNode01Cell_SSLConfig_rhel9_baseNode01_1_sslProtocol}" trustStoreRef="NodeDefaultTrustStore_rhel9-baseNode01Cell_KeyStore_rhel9-baseNode01_2"/>
    <sslDefault sslRef="NodeDefaultSSLSettings_rhel9-baseNode01Cell_SSLConfig_rhel9-baseNode01_1"/>
    <!-- The following variables, which often differ between environments, have been extracted from the migrated configuration to allow for easy substitution. -->
    <variable defaultValue="*" name="httpEndpoint_host"/>
    <variable defaultValue="9080" name="httpEndpoint_port"/>
    <variable defaultValue="9443" name="httpEndpoint_secure_port"/>
    <variable defaultValue="plantsbywebsphereee6_ear_rhel9-baseNode01_NodeDefaultKeyStore_key.p12" name="NodeDefaultKeyStore_rhel9_baseNode01Cell_KeyStore_rhel9_baseNode01_1_location"/>
    <variable defaultValue="TLS" name="NodeDefaultSSLSettings_rhel9_baseNode01Cell_SSLConfig_rhel9_baseNode01_1_sslProtocol"/>
    <variable defaultValue="plantsbywebsphereee6_ear_rhel9-baseNode01_NodeDefaultTrustStore_trust.p12" name="NodeDefaultTrustStore_rhel9_baseNode01Cell_KeyStore_rhel9_baseNode01_2_location"/>
    <variable defaultValue="pbw" name="NoTxPBWDataSource_rhel9_baseNode01_tWAS_85515_server_DataSource_1673564702594_databaseName"/>
    <variable defaultValue="50000" name="NoTxPBWDataSource_rhel9_baseNode01_tWAS_85515_server_DataSource_1673564702594_portNumber"/>
    <variable defaultValue="server0.gym.lan" name="NoTxPBWDataSource_rhel9_baseNode01_tWAS_85515_server_DataSource_1673564702594_serverName"/>
    <variable defaultValue="pbw" name="PBWDataSource_rhel9_baseNode01_tWAS_85515_server_DataSource_1673361478120_databaseName"/>
    <variable defaultValue="50000" name="PBWDataSource_rhel9_baseNode01_tWAS_85515_server_DataSource_1673361478120_portNumber"/>
    <variable defaultValue="server0.gym.lan" name="PBWDataSource_rhel9_baseNode01_tWAS_85515_server_DataSource_1673361478120_serverName"/>
    <!-- The following variables are used to replace sensitive data in the server.xml file for the application.
         The values for these variables were not collected because the includeSensitiveData option was not specified.
    -->
    <variable defaultValue="" name="NodeDefaultKeyStore_rhel9_baseNode01Cell_KeyStore_rhel9_baseNode01_1_password"/>
    <variable defaultValue="" name="NodeDefaultTrustStore_rhel9_baseNode01Cell_KeyStore_rhel9_baseNode01_2_password"/>
    <variable defaultValue="" name="rhel9_baseNode01_pbwuser_password"/>
    <variable defaultValue="" name="rhel9_baseNode01_pbwuser_user"/>
</server>
